,scores
0,0.8071046471595764
1,0.8532795906066895
2,0.8889789581298828
3,0.7957413792610168
4,0.7322620153427124
5,0.8872683048248291
6,0.8134183883666992
7,0.826800525188446
8,0.8787456154823303
9,0.8356712460517883
10,0.7658007144927979
11,0.7541388273239136
12,0.7834145426750183
13,0.770287036895752
14,0.8456745147705078
15,0.8238248825073242
16,0.8107700943946838
17,0.750731348991394
18,0.8001746535301208
19,0.8362136483192444
20,0.7422118782997131
21,0.7447548508644104
22,0.8558697700500488
23,0.7712764739990234
24,0.7975404262542725
25,0.8410996794700623
26,0.7717223763465881
27,0.811566948890686
28,0.6770330667495728
29,0.8044400811195374
30,0.8143072128295898
31,0.968317449092865
32,0.8458796739578247
33,0.8124141693115234
34,0.8187413215637207
35,0.8087450265884399
36,0.8193315267562866
37,0.7904616594314575
38,0.9037706255912781
39,0.8049189448356628
40,0.8635668158531189
41,0.68093341588974
42,0.8012068867683411
43,0.8043352961540222
44,0.8418888449668884
45,0.8405976891517639
46,0.7943913340568542
47,0.8035755753517151
48,0.8682466149330139
49,0.7717128396034241
50,0.8063753247261047
51,0.7976875305175781
52,0.791685938835144
53,0.8010858297348022
54,0.8411650657653809
55,0.8262063264846802
56,0.8452162742614746
57,0.919588029384613
58,0.751823902130127
59,0.8810316920280457
60,0.8447496891021729
61,0.776171863079071
62,0.7768411636352539
63,0.7196595668792725
64,0.7820926308631897
65,0.8386226892471313
66,0.8354492783546448
67,0.7716540098190308
68,0.7596930861473083
69,0.840076208114624
70,0.827717661857605
71,0.8441683053970337
72,0.8412765264511108
73,0.8837268948554993
74,0.7863195538520813
75,0.8523117899894714
76,0.889197826385498
77,0.8220604062080383
78,0.8281307220458984
79,0.8184834122657776
80,0.8108961582183838
81,0.8165895342826843
82,0.7781834602355957
83,0.7477531433105469
84,0.7474405169487
85,0.770669162273407
86,0.8702563047409058
87,0.830504298210144
88,0.9013519287109375
89,0.8497492074966431
90,0.8351170420646667
91,0.8113613128662109
92,0.8376824855804443
93,0.7299582362174988
94,0.7395232319831848
95,0.761025607585907
96,0.7669925689697266
97,0.7888259291648865
98,0.7917740345001221
99,0.7449221611022949
100,0.8272234797477722
101,0.8586678504943848
102,0.8414551019668579
103,0.7845752239227295
104,0.772721529006958
105,0.8843004703521729
106,0.8090580105781555
107,0.8818855881690979
108,0.7866573333740234
109,0.8852247595787048
110,0.8782541155815125
111,0.8535151481628418
112,0.8674479126930237
113,0.7797721028327942
114,0.8268005847930908
115,0.8435282111167908
116,0.7933226227760315
117,0.771665632724762
118,0.8929545283317566
119,0.8311752676963806
120,0.756378710269928
121,0.8214423656463623
122,0.8187386393547058
123,0.7716236114501953
124,0.8591803908348083
125,0.8435145020484924
126,0.8324595093727112
127,0.8282546997070312
128,0.7849692702293396
129,0.7581340670585632
130,0.8162301778793335
131,0.8427035808563232
132,0.7742191553115845
133,0.7945588231086731
134,0.7911124229431152
135,0.8799257874488831
136,0.8469566702842712
137,0.8611184358596802
138,0.8420575261116028
139,0.7894496321678162
140,0.8654066920280457
141,0.8047398328781128
142,0.9082257747650146
143,0.7875820994377136
144,0.8270371556282043
145,0.8225172162055969
146,0.8604547381401062
147,0.7886319160461426
148,0.8762385249137878
149,0.8576124310493469
150,0.815947413444519
151,0.8384665250778198
152,0.8396589756011963
153,0.8430960774421692
154,0.7625400424003601
155,0.6717706322669983
156,0.772001326084137
157,0.7891470193862915
158,0.8273236751556396
159,0.7271367907524109
160,0.8170486688613892
161,0.8459402322769165
162,0.7416960000991821
163,0.7305548191070557
164,0.8560855984687805
165,0.8674923181533813
166,0.8387905359268188
167,0.7417736649513245
168,0.7870617508888245
169,0.9890838861465454
170,0.7748627066612244
171,0.806652843952179
172,0.8695468902587891
173,0.9107782244682312
174,0.7938655018806458
175,0.7640811800956726
176,0.7838491797447205
177,0.9036010503768921
178,0.8255857825279236
179,0.8581738471984863
180,0.829361617565155
181,0.7579571008682251
182,0.769432544708252
183,0.8292561769485474
184,0.7839179039001465
185,0.79759681224823
186,0.8008670806884766
187,0.7305195927619934
188,0.8606221675872803
189,0.8280372023582458
190,0.8583638668060303
191,0.8142643570899963
192,0.8886854648590088
193,0.7145886421203613
194,0.800223171710968
195,0.7360807657241821
196,0.7579572200775146
197,0.8048009276390076
198,0.7827738523483276
199,0.7611210942268372
200,0.856818437576294
201,0.8843010067939758
202,0.7421809434890747
203,0.7571683526039124
204,0.8369861245155334
205,0.729499876499176
206,0.8210046291351318
207,0.7850502729415894
208,0.934123694896698
209,0.926813542842865
210,0.899880588054657
211,0.906879186630249
212,0.7929607629776001
213,0.8496800661087036
214,0.8074848651885986
215,0.7651666402816772
216,0.7801816463470459
217,0.77619868516922
218,0.841230571269989
219,0.8607586026191711
220,0.8019858598709106
221,0.8301156163215637
222,0.8100745677947998
223,0.7765867710113525
224,0.8743240833282471
225,0.7973164916038513
226,0.8306784629821777
227,0.765718936920166
228,0.7796933054924011
229,0.8194910883903503
230,0.8597753643989563
231,0.6978524923324585
232,0.8049374222755432
233,0.8710682988166809
234,0.732457160949707
235,0.7122486233711243
236,0.8380509614944458
237,0.9297469258308411
238,0.7278147339820862
239,0.8110665678977966
240,0.8968291282653809
241,0.8909668922424316
242,0.834646463394165
243,0.7988470792770386
244,0.8483220934867859
245,0.7964084148406982
246,0.7566665410995483
247,0.9154642820358276
248,0.8439883589744568
249,0.7406142950057983
250,0.8124088644981384
251,0.763618528842926
252,0.8118365406990051
253,0.9431229829788208
254,0.8814221024513245
255,0.9950923323631287
256,0.7286326289176941
257,0.7304770350456238
258,0.7200365662574768
259,0.766604483127594
260,0.8774794340133667
261,0.8055826425552368
262,0.8751777410507202
263,0.7726030945777893
264,0.8911542296409607
265,0.833071768283844
266,0.8073906302452087
267,0.7438608407974243
268,0.7832602262496948
269,0.7683399319648743
270,0.9141603708267212
271,0.8339126110076904
272,0.7823562622070312
273,0.7991945743560791
274,0.8142988681793213
275,0.8053235411643982
276,0.8464996814727783
277,0.7955175638198853
278,0.8844186067581177
279,0.7918844819068909
280,0.7527919411659241
281,0.8624883890151978
282,0.7875341176986694
283,0.8460674285888672
284,0.7861450910568237
285,0.7792676091194153
286,0.8136094808578491
287,0.9244349002838135
288,0.9487415552139282
289,0.910921573638916
290,0.8008099794387817
291,0.8230566382408142
292,0.8312678337097168
293,0.7110805511474609
294,0.7605336904525757
295,0.8569116592407227
296,0.8018523454666138
297,0.7193028330802917
298,0.7846205830574036
299,0.8994658589363098
300,0.7802191376686096
301,0.8814677000045776
302,0.8084825277328491
303,0.8354538679122925
304,0.9083541035652161
305,0.7755823135375977
306,0.8913031220436096
307,0.8372028470039368
308,0.7964628338813782
309,0.750005841255188
310,0.833869993686676
311,0.7801772952079773
312,0.8190310597419739
313,0.7457441687583923
314,0.780349850654602
315,0.7379276156425476
316,0.8373210430145264
317,0.7464278340339661
318,0.7858726978302002
319,0.8395830392837524
320,0.7502642273902893
321,0.8198010325431824
322,0.7973180413246155
323,0.8188431262969971
324,0.8208042979240417
325,0.8052254319190979
326,0.9188799858093262
327,0.818413496017456
328,0.8380304574966431
329,0.7568523287773132
330,0.8370231986045837
331,0.8263479471206665
332,0.828260600566864
333,0.8725110292434692
334,0.7810295820236206
335,0.867503821849823
336,0.8228564262390137
337,0.7886951565742493
338,0.8410735130310059
339,0.8553984761238098
340,0.8907713890075684
341,0.7286815047264099
342,0.8582674860954285
343,0.8778511881828308
344,0.8663457632064819
345,0.8061458468437195
346,0.7884255647659302
347,0.8580602407455444
348,0.8083934187889099
349,0.8836790323257446
350,0.7742801308631897
351,0.8348170518875122
352,0.8626545667648315
353,0.800338864326477
354,0.7640745639801025
355,0.725814938545227
356,0.9154509902000427
357,0.7441669702529907
358,0.8080325126647949
359,0.8398531675338745
360,0.8204686641693115
361,0.8885132670402527
362,0.8186650276184082
363,0.8182328343391418
364,0.7836362719535828
365,0.8685228228569031
366,0.8517631888389587
367,0.7766953110694885
368,0.80019211769104
369,0.8003246188163757
370,0.8132048845291138
371,0.8296642899513245
372,0.8302793502807617
373,0.8149764537811279
374,0.8532763123512268
375,0.801933228969574
376,0.7088508605957031
377,0.8253905773162842
378,0.831737220287323
379,0.7521708607673645
380,0.8619562983512878
381,0.8599924445152283
382,0.7410798668861389
383,0.8445607423782349
384,0.7217729687690735
385,0.8092800378799438
386,0.775316059589386
387,0.8797711133956909
388,0.8100546598434448
389,0.7873153686523438
390,0.8334145545959473
391,0.7627444267272949
392,0.8630046844482422
393,0.6895018219947815
394,0.867153525352478
395,0.7367462515830994
396,0.8611124157905579
397,0.8650811910629272
398,0.7335302829742432
399,0.7280463576316833
400,0.8732790350914001
401,0.8110789656639099
402,0.9023942351341248
403,0.8722646236419678
404,0.8304618000984192
405,0.9062890410423279
406,0.796394407749176
407,0.8231374621391296
408,0.8832838535308838
409,0.8363316059112549
410,0.739711582660675
411,0.8516007661819458
412,0.8070936799049377
413,0.7718543410301208
414,0.7241804599761963
415,0.8843740820884705
416,0.8212512135505676
417,0.756142795085907
418,0.7950858473777771
419,0.7445566654205322
420,0.8761487603187561
421,0.8555976152420044
422,0.8840759992599487
423,0.887593686580658
424,0.7992101311683655
425,0.9036517143249512
426,0.872194230556488
427,0.7228638529777527
428,0.8140136003494263
429,0.8010447025299072
430,0.7731439471244812
431,0.7676123380661011
432,0.8257828950881958
433,0.8074200749397278
434,0.8226243853569031
435,0.8146665692329407
436,0.9234434366226196
437,0.7718769907951355
438,0.7536713480949402
439,0.8108710050582886
440,0.839936375617981
441,0.8229964375495911
442,0.8555006384849548
443,0.7968985438346863
444,0.716205894947052
445,0.8103246688842773
446,0.7683578133583069
447,0.8309872150421143
448,0.840681254863739
449,0.8018355369567871
450,0.8108283877372742
451,0.7485457062721252
452,0.8300161957740784
453,0.8079904913902283
454,0.790291428565979
455,0.8341458439826965
456,0.7477677464485168
457,0.8474488854408264
458,0.7573053240776062
459,0.7363315224647522
460,0.7237122058868408
461,0.7375062704086304
462,0.7968154549598694
463,0.7619521021842957
464,0.823078453540802
465,0.8195125460624695
466,0.8625809550285339
467,0.837421715259552
468,0.7998763918876648
469,0.7952752709388733
470,0.7750287652015686
471,0.8298587799072266
472,0.7814743518829346
473,0.8267242908477783
474,0.8078792691230774
475,0.7864794135093689
476,0.8871344923973083
477,0.7412927150726318
478,0.7670455574989319
479,0.7932615876197815
480,0.8516191840171814
481,0.8813396692276001
482,0.6905855536460876
483,0.8430090546607971
484,0.8160025477409363
485,0.907188892364502
486,0.780116856098175
487,0.8050059080123901
488,0.7514544129371643
489,0.757263720035553
490,0.8461092114448547
491,0.78351229429245
492,0.8261744379997253
493,0.8662542700767517
494,0.8147921562194824
495,0.7878144979476929
496,0.8331219553947449
497,0.7594212293624878
498,0.9465356469154358
499,0.8378145694732666
500,0.8753567934036255
501,0.7504470348358154
502,0.8624881505966187
503,0.9151896834373474
504,0.8737502694129944
505,0.7943873405456543
506,0.9070851802825928
507,0.741237998008728
508,0.781164288520813
509,0.844518780708313
510,0.9171899557113647
511,0.832888126373291
512,0.812124490737915
513,0.8227395415306091
514,0.746019184589386
515,0.8096052408218384
516,0.8280546069145203
517,0.7903306484222412
518,0.7722808122634888
519,0.7717970013618469
520,0.8158700466156006
521,0.7586216926574707
522,0.7558015584945679
523,0.7990494966506958
524,0.7961854338645935
525,0.7224569916725159
526,0.8084774017333984
527,0.8077353835105896
528,0.7462320327758789
529,0.7965523600578308
530,0.7734534740447998
531,0.8393062353134155
532,0.7816246151924133
533,0.8105179667472839
534,0.7423612475395203
535,0.7802538275718689
536,0.8792917728424072
537,0.7983025908470154
538,0.8694977164268494
539,0.9506959319114685
540,0.7611759305000305
541,0.7983388304710388
542,0.8199569582939148
543,0.8155838847160339
544,0.7716305255889893
545,0.7883387804031372
546,0.8438750505447388
547,0.8238390684127808
548,0.7586976885795593
549,0.7834261655807495
550,0.8075950145721436
551,0.8187739849090576
552,0.9945757389068604
553,0.8077081441879272
554,0.8295105695724487
555,0.8345130085945129
556,0.8444022536277771
557,0.7876648306846619
558,0.864479124546051
559,0.8399249315261841
560,0.8460123538970947
561,0.8864426612854004
562,0.856717586517334
563,0.8136052489280701
564,0.8567065596580505
565,0.9683996438980103
566,0.9144212603569031
567,0.8719739317893982
568,0.8410202264785767
569,0.7814372777938843
570,0.9315217137336731
571,0.7831613421440125
572,0.8487645983695984
573,0.831647515296936
574,0.8916882872581482
575,0.8232136964797974
576,0.7782824635505676
577,0.8425646424293518
578,0.7876992225646973
579,0.6965175867080688
580,0.7507774233818054
581,0.8231849670410156
582,0.7821851968765259
583,0.8202623724937439
584,0.8291195631027222
585,0.7667114734649658
586,0.8640138506889343
587,0.7812876105308533
588,0.7852187752723694
589,0.7685587406158447
590,0.9669145941734314
591,0.7622548937797546
592,0.8597453236579895
593,0.8885253667831421
594,0.8426527380943298
595,0.826958954334259
596,0.8139036893844604
597,0.7919982671737671
598,0.8265846967697144
599,0.8382128477096558
600,0.8696576952934265
601,0.8942709565162659
602,0.8657464981079102
603,0.8000960946083069
604,0.873431921005249
605,0.8379324674606323
606,0.8501526713371277
607,0.7030179500579834
608,0.870997428894043
609,0.8083272576332092
610,0.7420692443847656
611,0.8029429316520691
612,0.7931315302848816
613,0.8134738206863403
614,0.8306400775909424
615,0.9640362858772278
616,0.7719913721084595
617,0.8031430244445801
618,0.8154260516166687
619,0.7870359420776367
620,0.7632577419281006
621,0.8921841382980347
622,0.9138733744621277
623,0.9178079962730408
624,0.7993265390396118
625,0.8663586974143982
626,0.832649290561676
627,0.7940186262130737
628,0.801885724067688
629,0.7937027812004089
630,0.7827132940292358
631,0.8004412651062012
632,0.8234010338783264
633,0.7993675470352173
634,0.6914397478103638
635,0.8771525025367737
636,0.8824405670166016
637,0.8580042719841003
638,0.79847651720047
639,0.8465026617050171
640,0.7545207142829895
641,1.0032398700714111
642,0.8381977081298828
643,0.802560567855835
644,0.7771779894828796
645,0.8025342226028442
646,0.8058756589889526
647,0.8629859685897827
648,0.8515341877937317
649,0.9166129231452942
650,0.732629120349884
651,0.8013569116592407
652,0.7504522204399109
653,0.7859393358230591
654,0.6934422254562378
655,0.7954845428466797
656,0.8485490679740906
657,0.8204309344291687
658,0.8253905177116394
659,0.8219091892242432
660,0.8479936122894287
661,0.7726603150367737
662,0.8193934559822083
663,0.7363805174827576
664,0.8005895018577576
665,0.8377905488014221
666,0.9372836351394653
667,0.8615196347236633
668,0.8707329034805298
669,0.8034888505935669
670,0.7554838061332703
671,0.8197944760322571
672,0.8293341398239136
673,0.7609044313430786
674,0.805795431137085
675,0.790068507194519
676,0.7206167578697205
677,0.8249838352203369
678,0.8873953819274902
679,0.9066774249076843
680,0.753577470779419
681,0.8785936236381531
682,0.6684866547584534
683,0.7920462489128113
684,0.8482376337051392
685,0.8654507398605347
686,0.8176983594894409
687,0.7299778461456299
688,0.9230976104736328
689,0.8107807040214539
690,0.801227331161499
691,0.7958880066871643
692,0.7467619776725769
693,0.7988946437835693
694,0.6993735432624817
695,0.9074469804763794
696,0.7250292897224426
697,0.7811355590820312
698,0.7513687014579773
699,0.8454040288925171
700,0.855555534362793
701,0.7356575131416321
702,0.8265756368637085
703,0.7759597301483154
704,0.9052302241325378
705,0.7778770327568054
706,0.8932822346687317
707,0.8093012571334839
708,0.881611168384552
709,0.7727320790290833
710,0.8054013848304749
711,0.7765354514122009
712,0.7682579755783081
713,0.7769243717193604
714,0.8136757016181946
715,0.7531769871711731
716,0.875383198261261
717,0.7835986018180847
718,0.8081929683685303
719,0.8556710481643677
720,0.7873743772506714
721,0.7928064465522766
722,0.848059356212616
723,0.631048858165741
724,0.7506657838821411
725,0.8826373815536499
726,0.7876567244529724
727,0.8487932682037354
728,0.813094437122345
729,0.8028071522712708
730,0.8601970672607422
731,0.8576629161834717
732,0.8539145588874817
733,0.8542033433914185
734,0.7473844289779663
735,0.8396557569503784
736,0.8775802850723267
737,0.7953481078147888
738,0.8116349577903748
739,0.8364249467849731
740,0.7866495251655579
741,0.8338043689727783
742,0.8511976599693298
743,0.752150297164917
744,0.8417629599571228
745,0.9083185791969299
746,0.7948225140571594
747,0.8401720523834229
748,0.713494598865509
749,0.8786016702651978
750,0.7034580111503601
751,0.7777186632156372
752,0.7538464665412903
753,0.7576802372932434
754,0.8253523111343384
755,0.911372721195221
756,0.9970542192459106
757,0.8456912040710449
758,0.7531177997589111
759,0.8585118651390076
760,0.7682323455810547
761,0.7805228233337402
762,0.7433186769485474
763,0.784587562084198
764,0.9080328941345215
765,0.7476022243499756
766,0.8432515263557434
767,0.8589740991592407
768,0.857978343963623
769,0.8446120619773865
770,0.7830384969711304
771,0.7947433590888977
772,0.7871001958847046
773,0.6761049032211304
774,0.7867346405982971
775,0.7410895228385925
776,0.8359159231185913
777,0.7938116788864136
778,0.8450943827629089
779,0.7997137308120728
780,0.8405844569206238
781,0.8713858723640442
782,0.7742875218391418
783,0.6753085851669312
784,0.8872787952423096
785,0.8507247567176819
786,0.7243544459342957
787,0.7774845957756042
788,0.818706750869751
789,0.8274295330047607
790,0.8145802617073059
791,0.7207832932472229
792,0.8319447040557861
793,0.7909185886383057
794,0.9026656746864319
795,0.8251817226409912
796,0.9399228096008301
797,0.8383247256278992
798,0.8296290040016174
799,0.8429641127586365
800,0.8302648663520813
801,0.8110260367393494
802,0.9060398936271667
803,0.7956792116165161
804,0.7888243794441223
805,0.8374622464179993
806,0.8978459239006042
807,0.8728951215744019
808,0.7285736203193665
809,0.8414604663848877
810,0.8903733491897583
811,0.8975216150283813
812,0.8971254825592041
813,0.8830919861793518
814,0.7671893835067749
815,0.8945379257202148
816,0.7505107522010803
817,0.8422502279281616
818,0.7650438547134399
819,0.8435912728309631
820,0.8186080455780029
821,0.7528705596923828
822,0.8204957246780396
823,0.875640869140625
824,0.8383459448814392
825,0.8544884920120239
826,0.8605538010597229
827,0.7719436883926392
828,0.8187146782875061
829,0.9031891822814941
830,0.8933033347129822
831,0.8000077605247498
832,0.6985510587692261
833,0.8632990717887878
834,0.7417781352996826
835,0.8106384873390198
836,0.759329617023468
837,0.8645930886268616
838,0.8340629935264587
839,0.831336498260498
840,0.8466629385948181
841,0.7714183926582336
842,0.8020291924476624
843,0.7482845783233643
844,0.852049708366394
845,0.8311166167259216
846,0.7686755657196045
847,0.7727852463722229
848,0.845978319644928
849,0.8630751967430115
850,0.7787865400314331
851,0.8495286703109741
852,0.8046630024909973
853,0.7774716019630432
854,0.7913668751716614
855,0.8141753077507019
856,0.7222455739974976
857,0.8283116817474365
858,0.7984777092933655
859,0.8550198674201965
860,0.722307562828064
861,0.7654620409011841
862,0.8041808605194092
863,0.8574084043502808
864,0.8268679976463318
865,0.7783133387565613
866,0.8611209988594055
867,0.7931207418441772
868,0.7934945821762085
869,0.8028179407119751
870,0.7565672993659973
871,0.7905920743942261
872,0.8475815057754517
873,0.8761193752288818
874,0.7207760810852051
875,0.767340362071991
876,0.7892746329307556
877,0.7736227512359619
878,0.7924105525016785
879,0.8083028197288513
880,0.7731589674949646
881,0.8608654737472534
882,0.7867628931999207
883,0.7869555354118347
884,0.8248380422592163
885,0.8496842980384827
886,0.8020541667938232
887,0.8244549632072449
888,0.7976990938186646
889,0.7630207538604736
890,0.8707392811775208
891,0.8034712076187134
892,0.7786687016487122
893,0.8806362748146057
894,0.718795657157898
895,0.8302239775657654
896,0.8300392031669617
897,0.8673544526100159
898,0.8449170589447021
899,0.8556357026100159
900,0.7661795020103455
901,0.9004804491996765
902,0.8172974586486816
903,0.8906868100166321
904,0.7925572991371155
905,0.8090165853500366
906,0.8732005953788757
907,0.8031402826309204
908,0.8816799521446228
909,0.6995528340339661
910,0.8745858073234558
911,0.7827285528182983
912,0.8640202283859253
913,0.8580740690231323
914,0.8691383600234985
915,0.8372603058815002
916,0.7861644625663757
917,0.775938093662262
918,0.7350462675094604
919,0.8570873737335205
920,0.7667641043663025
921,0.8215693831443787
922,0.7327964305877686
923,0.8039982914924622
924,0.8006626963615417
925,0.8740963339805603
926,0.8832895159721375
927,0.8346802592277527
928,0.8725956082344055
929,0.8598498106002808
930,0.8345535397529602
931,1.0647542476654053
932,0.8414208889007568
933,0.8607773780822754
934,0.8556807041168213
935,0.7239263653755188
936,0.867331326007843
937,0.7558470964431763
938,0.8688416481018066
939,0.8597472310066223
940,0.8724001049995422
941,0.8630493879318237
942,0.8749470710754395
943,0.8199723958969116
944,0.820663571357727
945,0.8041959404945374
946,0.8285850286483765
947,0.7979365587234497
948,0.7787405848503113
949,0.7246418595314026
950,0.8353701829910278
951,0.7415516972541809
952,0.7751152515411377
953,0.8058772087097168
954,0.8058376908302307
955,0.7903274893760681
956,0.8358080983161926
957,0.804529070854187
958,0.819260835647583
959,0.8599997758865356
960,0.7828680276870728
961,0.8217282891273499
962,0.8610228896141052
963,0.7503056526184082
964,0.7996252775192261
965,0.7471755743026733
966,0.788618803024292
967,0.6949655413627625
968,0.8183343410491943
969,0.7829564213752747
970,0.8823565244674683
971,0.8084418773651123
972,0.7794770002365112
973,0.8888545036315918
974,0.772143542766571
975,0.7673996090888977
976,0.8240824937820435
977,0.8772205114364624
978,0.8558087348937988
979,0.7658400535583496
980,0.8458985686302185
981,0.8149656057357788
982,0.8881412148475647
983,0.7745107412338257
984,0.884803831577301
985,0.9798426628112793
986,0.9576032757759094
987,0.7814016938209534
988,0.850973904132843
989,0.8113282322883606
990,0.868584930896759
991,0.7796035408973694
992,0.7801374793052673
993,0.8810820579528809
994,0.8819511532783508
995,0.7536208629608154
996,0.8346051573753357
997,0.8053423762321472
998,0.8314857482910156
999,0.8382613658905029
1000,0.8590276837348938
1001,0.8540876507759094
1002,0.886326789855957
1003,0.75223708152771
1004,0.6964309811592102
1005,0.8386421203613281
1006,0.8134920597076416
1007,0.8711687326431274
1008,0.7824903130531311
1009,0.8873797655105591
1010,0.8708468079566956
1011,0.8582990169525146
1012,0.8159855604171753
1013,0.8646659851074219
1014,0.8196960687637329
1015,0.774255096912384
1016,0.7992130517959595
1017,0.8615480661392212
1018,0.7790873050689697
1019,0.8826382160186768
1020,0.7699630260467529
1021,0.7719163298606873
1022,0.710204005241394
1023,0.822542667388916
1024,0.8379196524620056
1025,0.7748775482177734
1026,0.7698933482170105
1027,0.7990145087242126
1028,0.8476131558418274
1029,0.6915836930274963
1030,0.7840341329574585
1031,0.9573512077331543
1032,0.8922889232635498
1033,0.7659797072410583
1034,0.7381929755210876
1035,0.7879459261894226
1036,0.8385513424873352
1037,0.7472416758537292
1038,0.8350028395652771
1039,0.7892545461654663
1040,0.8035823106765747
1041,0.7764586210250854
1042,0.7760046720504761
1043,0.798414409160614
1044,0.8322141766548157
1045,0.8454683423042297
1046,0.8242368102073669
1047,0.857503354549408
1048,0.8021984100341797
1049,0.8479429483413696
1050,0.8370590209960938
1051,0.7842755317687988
1052,0.7983264327049255
1053,0.8696002960205078
1054,0.8863763809204102
1055,0.9015925526618958
1056,0.8369835615158081
1057,0.8165246844291687
1058,0.8496662378311157
1059,0.8333817720413208
1060,0.8360217213630676
1061,0.8207330703735352
1062,0.7565591335296631
1063,0.8132903575897217
1064,0.7790073156356812
1065,0.7934293150901794
1066,0.7518556714057922
1067,0.8874701261520386
1068,0.7975159287452698
1069,0.8694692254066467
1070,0.8529713749885559
1071,0.8066192269325256
1072,0.8402513265609741
1073,0.7968899011611938
1074,0.871936023235321
1075,0.8511688113212585
1076,0.7217745184898376
1077,0.7454361915588379
1078,0.7850161790847778
1079,0.8290258646011353
1080,0.9807695746421814
1081,0.84614098072052
1082,0.8813517093658447
1083,0.8381654620170593
1084,0.7784639000892639
1085,0.8498392105102539
1086,0.7664660215377808
1087,0.7976365089416504
1088,0.8201303482055664
1089,0.7704278230667114
1090,0.8157840967178345
1091,0.7983654141426086
1092,0.7672035694122314
1093,0.8933497667312622
1094,0.784202516078949
1095,0.9196586608886719
1096,0.8032858371734619
1097,0.7564608454704285
1098,0.8380987644195557
1099,0.7991584539413452
1100,0.8652652502059937
1101,0.8532699346542358
1102,0.8645567893981934
1103,0.829930305480957
1104,0.7826492786407471
1105,0.8380095958709717
1106,0.79982990026474
1107,0.7717337608337402
1108,0.8043105006217957
1109,0.8180686831474304
1110,0.8651465177536011
1111,0.8038187623023987
1112,0.8081569671630859
1113,0.8884713649749756
1114,0.8918347954750061
1115,0.8522326946258545
1116,0.8179106116294861
1117,0.7969843745231628
1118,0.8355468511581421
1119,0.8851144909858704
1120,0.7950212359428406
1121,0.8619319796562195
1122,0.8930588960647583
1123,0.811981201171875
1124,0.7015696167945862
1125,0.7985314130783081
1126,0.7977654337882996
1127,0.8212562203407288
1128,0.854444146156311
1129,0.8669228553771973
1130,0.7418707609176636
1131,0.8638874888420105
1132,0.7668400406837463
1133,0.8812599182128906
1134,0.7923992276191711
1135,0.8013175129890442
1136,0.8179522752761841
1137,0.7940842509269714
1138,0.9344340562820435
1139,0.8124013543128967
1140,0.9219279885292053
1141,0.7669747471809387
1142,0.8509963154792786
1143,0.9081935286521912
1144,0.8451434373855591
1145,0.7926974892616272
1146,0.8114097714424133
1147,0.8090361952781677
1148,0.8056339025497437
1149,0.7354051470756531
1150,0.8578798174858093
1151,0.8497277498245239
1152,0.7317811846733093
1153,0.799338161945343
1154,0.7575916051864624
1155,0.7726837396621704
1156,0.8134731650352478
1157,0.695726752281189
1158,0.7824208736419678
1159,0.8026826977729797
1160,0.8679593801498413
1161,0.7717607021331787
1162,0.8450371623039246
1163,0.784074068069458
1164,0.7599031329154968
1165,0.8982869982719421
1166,0.7558425068855286
1167,0.802937924861908
1168,0.8911623358726501
1169,0.8110477924346924
1170,0.7323463559150696
1171,0.792042076587677
1172,0.7316368222236633
1173,0.8141400814056396
1174,0.8406620621681213
1175,0.950960636138916
1176,0.8341089487075806
1177,0.802707314491272
1178,0.7819605469703674
1179,0.8514903783798218
1180,1.0265666246414185
1181,0.7493271231651306
1182,0.8686384558677673
1183,0.8643103837966919
1184,0.8102265000343323
1185,0.7693526744842529
1186,0.7168397307395935
1187,0.788999080657959
1188,0.8024684190750122
1189,0.8170735836029053
1190,0.8359618186950684
1191,0.9170352220535278
1192,0.869548499584198
1193,0.7654982805252075
1194,0.8547106981277466
1195,0.7379029393196106
1196,0.8113696575164795
1197,0.7793571949005127
1198,0.8087895512580872
1199,0.8466396927833557
1200,0.8222063779830933
1201,0.7826415300369263
1202,0.8768317699432373
1203,0.870409369468689
1204,0.7809187769889832
1205,0.8423110246658325
1206,0.7586241364479065
1207,0.8377145528793335
1208,0.7436302304267883
1209,0.8024179935455322
1210,0.7551405429840088
1211,0.8314273953437805
1212,0.8238852024078369
1213,0.8339744210243225
1214,0.828896701335907
1215,0.7881439328193665
1216,0.7736697196960449
1217,0.7817166447639465
1218,0.8232240080833435
1219,0.8435514569282532
1220,0.7971951961517334
1221,0.8240965008735657
1222,0.7964746356010437
1223,0.7422990798950195
1224,0.8753378987312317
1225,0.8368848562240601
1226,0.8217652440071106
1227,0.7784258723258972
1228,0.8595145344734192
1229,0.8214985132217407
1230,0.843497097492218
1231,0.7501197457313538
1232,0.7539907693862915
1233,0.8906340003013611
1234,0.8884677290916443
1235,0.8030045032501221
1236,0.8167248368263245
1237,1.0072897672653198
1238,0.8135755062103271
1239,0.781208336353302
1240,0.7651244401931763
1241,0.8172815442085266
1242,0.9986085295677185
1243,0.8172246217727661
1244,0.8299652934074402
1245,0.7559435367584229
1246,0.9072124361991882
1247,0.8655328154563904
1248,0.7567092776298523
1249,0.7407893538475037
1250,0.8378044366836548
1251,0.8110035061836243
1252,0.8015771508216858
1253,0.7236879467964172
1254,0.7127217054367065
1255,0.954708456993103
1256,0.7304635643959045
1257,0.8677603006362915
1258,0.8536776900291443
1259,0.8816419243812561
1260,0.8042163252830505
1261,0.8249703645706177
1262,0.8609141111373901
1263,0.8320762515068054
1264,0.7822478413581848
1265,0.8824318647384644
1266,0.7841141223907471
1267,0.7764536142349243
1268,0.8315970301628113
1269,0.735691487789154
1270,0.8786109685897827
1271,0.876707136631012
1272,0.861892819404602
1273,0.8265802264213562
1274,0.8660392761230469
1275,0.7995127439498901
1276,0.8454993367195129
1277,0.8198204040527344
1278,0.7464742660522461
1279,0.8320056200027466
1280,0.7578228116035461
1281,0.8054675459861755
1282,0.8479065299034119
1283,0.8276447057723999
1284,0.8225125074386597
1285,0.7177002429962158
1286,0.8664947152137756
1287,0.7171393632888794
1288,0.7278826832771301
1289,0.8428820967674255
1290,0.8117092847824097
1291,0.7508738040924072
1292,0.8926710486412048
1293,0.8307417631149292
1294,0.8321037292480469
1295,0.7753483057022095
1296,0.8383593559265137
1297,0.8099279999732971
1298,0.6719105243682861
1299,0.8883505463600159
1300,0.9610298275947571
1301,0.7991163730621338
1302,0.7612167000770569
1303,0.8261837363243103
1304,0.7432848811149597
1305,0.8111250400543213
1306,0.8376614451408386
1307,0.7711409330368042
1308,0.7643441557884216
1309,0.8221237659454346
1310,0.7946799397468567
1311,0.8472440242767334
1312,0.8897225260734558
1313,0.8598661422729492
1314,0.8519536256790161
1315,0.933329701423645
1316,0.823069155216217
1317,0.8649325966835022
1318,0.8673208355903625
1319,0.8274895548820496
1320,0.9277991652488708
1321,0.8424402475357056
1322,0.846583902835846
1323,0.7789508700370789
1324,0.9429237842559814
1325,0.8258824348449707
1326,0.856069803237915
1327,0.8403159379959106
1328,0.8585442900657654
1329,0.7284653186798096
1330,0.8605465292930603
1331,0.7110539674758911
1332,0.8117285966873169
1333,0.8580736517906189
1334,0.8868550062179565
1335,0.812495231628418
1336,0.7419120669364929
1337,0.8378203511238098
1338,0.8797699213027954
1339,0.7311787009239197
1340,0.7828433513641357
1341,0.7671312093734741
1342,0.8428077101707458
1343,0.80093914270401
1344,0.8781511783599854
1345,0.8211224675178528
1346,0.7803166508674622
1347,0.7541167140007019
1348,0.8433806896209717
1349,0.8049410581588745
1350,0.8506565093994141
1351,0.8802247047424316
1352,0.7718806862831116
1353,0.8903504610061646
1354,0.8224201202392578
1355,0.7598015069961548
1356,0.7213541269302368
1357,0.9073664546012878
1358,0.7451608180999756
1359,0.7499650120735168
1360,0.7448124885559082
1361,0.816659688949585
1362,0.7361990213394165
1363,0.7906631231307983
1364,0.8284780383110046
1365,0.7297938466072083
1366,0.7662272453308105
1367,0.805188775062561
1368,0.8700609803199768
1369,0.7770740985870361
1370,0.7441819906234741
1371,0.8407483696937561
1372,0.8044943809509277
1373,0.762617826461792
1374,0.7640901803970337
1375,0.7934699654579163
1376,0.7762901782989502
1377,0.7859916090965271
1378,0.8919277191162109
1379,0.8688383102416992
1380,0.9249869585037231
1381,0.8059750199317932
1382,0.8019070625305176
1383,0.8657944202423096
1384,0.813866138458252
1385,0.8470261693000793
1386,0.7882212996482849
1387,0.8665534853935242
1388,0.7353255748748779
1389,0.8708981275558472
1390,0.8165767192840576
1391,0.8313269019126892
1392,0.7459872961044312
1393,0.8694219589233398
1394,0.9021266102790833
1395,0.9258162975311279
1396,0.9232789874076843
1397,0.7934820652008057
1398,0.7450820803642273
1399,0.8108359575271606
1400,0.7508896589279175
1401,0.8739068508148193
1402,0.7507273554801941
1403,0.7818511128425598
1404,0.7992404103279114
1405,0.8524059653282166
1406,0.8570227026939392
1407,0.7533360123634338
1408,0.789134681224823
1409,0.8281859159469604
1410,0.8817176818847656
1411,0.7679543495178223
1412,0.8370810747146606
1413,0.7468298673629761
1414,0.8374521136283875
1415,0.8138992190361023
1416,0.7530437707901001
1417,0.7381038665771484
1418,0.7877567410469055
1419,0.8229758143424988
1420,0.8365244269371033
1421,0.8144968152046204
1422,0.8160136938095093
1423,0.8228546977043152
1424,0.9950918555259705
1425,0.7685620784759521
1426,0.6819021701812744
1427,0.7680103778839111
1428,0.8011316061019897
1429,0.8125235438346863
1430,0.9140095114707947
1431,0.8427587151527405
1432,0.7775571346282959
1433,0.7780373096466064
1434,0.8299666047096252
1435,0.8826858401298523
1436,0.8924240469932556
1437,0.8189027905464172
1438,0.8595404624938965
1439,0.814798891544342
1440,0.8400633335113525
1441,0.7734125256538391
1442,0.831945538520813
1443,0.8546032905578613
1444,0.8277184963226318
1445,0.8465957641601562
1446,0.8142320513725281
1447,0.7841362953186035
1448,0.7557263970375061
1449,0.8100571632385254
1450,0.8045023083686829
1451,0.787906289100647
1452,0.7398642897605896
1453,0.8495186567306519
1454,0.7603693008422852
1455,0.8425025939941406
1456,0.8137344717979431
1457,0.8694102168083191
1458,0.7823363542556763
1459,0.7869046926498413
1460,0.7710853219032288
1461,0.7652097940444946
1462,0.8001178503036499
1463,0.7490738034248352
1464,0.7897422909736633
1465,0.8508755564689636
1466,0.8286468982696533
1467,0.8152271509170532
1468,0.9334307312965393
1469,0.8345409631729126
1470,0.8774056434631348
1471,0.871371328830719
1472,0.9009593725204468
1473,0.755784809589386
1474,0.7705249786376953
1475,0.8624491095542908
1476,0.7894836664199829
1477,0.7188388705253601
1478,0.8654448390007019
1479,0.8973901271820068
1480,0.819086492061615
1481,0.7975336313247681
1482,0.8075168132781982
1483,0.8164414763450623
1484,0.8827391266822815
1485,0.7642587423324585
1486,0.847445547580719
1487,0.7878363132476807
1488,0.933568000793457
1489,0.8726075887680054
1490,0.730009913444519
1491,0.8167878985404968
1492,0.8374660015106201
1493,0.8439750671386719
1494,0.9400970339775085
1495,0.8206207752227783
1496,0.7869731783866882
1497,0.7724350690841675
1498,0.7786083817481995
1499,0.7839048504829407
1500,0.8725685477256775
1501,0.8682668209075928
1502,0.8571368455886841
1503,0.6672007441520691
1504,0.7415547966957092
1505,0.8684173822402954
1506,0.8059834241867065
1507,0.8081435561180115
1508,0.7943889498710632
1509,0.7566964626312256
1510,0.8981033563613892
1511,0.8142635226249695
1512,0.7714836597442627
1513,0.8849387764930725
1514,0.7973380088806152
1515,0.8085389137268066
1516,0.7739862203598022
1517,0.7360185980796814
1518,0.7359374761581421
1519,0.7283139824867249
1520,0.8326737284660339
1521,0.7250270843505859
1522,0.8091462254524231
1523,0.8400381803512573
1524,0.9260695576667786
1525,0.765084981918335
1526,0.8905515670776367
1527,0.8496251702308655
1528,0.8066295385360718
1529,0.7771110534667969
1530,0.7956297397613525
1531,0.9760430455207825
1532,0.7713395953178406
1533,0.8776309490203857
1534,0.8409073352813721
1535,0.8414625525474548
1536,0.8428528904914856
1537,0.8260825872421265
1538,0.7961903214454651
1539,0.7892850041389465
1540,0.7832995653152466
1541,0.8272402882575989
1542,0.8120229244232178
1543,0.6745063662528992
1544,0.8155094981193542
1545,0.8427905440330505
1546,0.8219594359397888
1547,0.8459511399269104
1548,0.8583085536956787
1549,0.7968707084655762
1550,0.754310667514801
1551,0.7961525321006775
1552,0.8971707224845886
1553,0.8145028948783875
1554,0.887585461139679
1555,0.825517475605011
1556,0.7639632821083069
1557,0.98531174659729
1558,0.7817790508270264
1559,0.7901055812835693
1560,0.7944077849388123
1561,0.8415208458900452
1562,0.7839877605438232
1563,0.8412114381790161
1564,0.8420836329460144
1565,0.8545903563499451
1566,0.8884978294372559
1567,0.8741831183433533
1568,0.8246057033538818
1569,0.835709810256958
1570,0.7231362462043762
1571,0.8676987886428833
1572,0.8418785929679871
1573,0.9119272232055664
1574,0.7752488851547241
1575,0.843730092048645
1576,0.8197362422943115
1577,0.84051513671875
1578,0.7822709083557129
1579,0.8381388187408447
1580,0.8574674129486084
1581,0.8291105628013611
1582,0.8857660293579102
1583,0.7966105937957764
1584,0.8374645113945007
1585,0.8512192964553833
1586,0.9180007576942444
1587,0.9206284284591675
1588,0.826982319355011
1589,0.832337498664856
1590,0.8508599400520325
1591,0.7129769325256348
1592,0.8266064524650574
1593,0.813838541507721
1594,0.9269533753395081
1595,0.9372761249542236
1596,0.7456626296043396
1597,0.7087047696113586
1598,0.7751535177230835
1599,0.8169822096824646
1600,0.8855084180831909
1601,0.9151251316070557
1602,0.7285692095756531
1603,0.7799837589263916
1604,0.8597998023033142
1605,0.8332399129867554
1606,0.7809879183769226
1607,0.7986672520637512
1608,0.8188733458518982
1609,0.8501654267311096
1610,0.9467535614967346
1611,0.8187445402145386
1612,0.8043605089187622
1613,0.8305953741073608
1614,0.8192269802093506
1615,0.7558009028434753
1616,0.8381254076957703
1617,0.8371046185493469
1618,0.8145654201507568
1619,0.7481885552406311
1620,0.787466287612915
1621,0.9065648317337036
1622,0.6808786392211914
1623,0.7505576610565186
1624,0.8267189264297485
1625,0.7886502146720886
1626,0.7657020092010498
1627,0.803341269493103
1628,0.9103965163230896
1629,0.7922306060791016
1630,0.8655699491500854
1631,0.8052976131439209
1632,0.8058810830116272
1633,0.9434816241264343
1634,0.8859525322914124
1635,0.7429113388061523
1636,0.828312337398529
1637,0.778283417224884
1638,0.8537631034851074
1639,0.8646884560585022
1640,0.7633785605430603
1641,0.8360638618469238
1642,0.7858359217643738
1643,0.7671704888343811
1644,0.9293181896209717
1645,0.8565818071365356
1646,0.6774290204048157
1647,0.8061389327049255
1648,0.7731537818908691
1649,0.8008298873901367
1650,0.8553063273429871
1651,0.833868145942688
1652,0.704253613948822
1653,0.8379858136177063
1654,0.7929068803787231
1655,0.8862067461013794
1656,0.8048689365386963
1657,0.831728994846344
1658,0.8116120100021362
1659,0.8414468765258789
1660,0.8137412071228027
1661,0.7832090258598328
1662,0.8545002937316895
1663,0.9154847860336304
1664,0.9044705033302307
1665,0.8802912831306458
1666,0.8166164755821228
1667,0.7711670398712158
1668,0.9029204845428467
1669,0.7783470749855042
1670,0.7964217662811279
1671,0.8047462701797485
1672,0.7413897514343262
1673,0.808551013469696
1674,0.7644317746162415
1675,0.7503823637962341
1676,0.8198292255401611
1677,0.7497696876525879
1678,0.8244972229003906
1679,0.8592755198478699
1680,0.8425112962722778
1681,0.9223349094390869
1682,0.7253351807594299
1683,0.7318850755691528
1684,0.7449893355369568
1685,0.807309627532959
1686,0.759248673915863
1687,0.8044536709785461
1688,0.7951922416687012
1689,0.7542264461517334
1690,0.8675373792648315
1691,0.9133225679397583
1692,0.7788669466972351
1693,0.8042230606079102
1694,0.8142302632331848
1695,0.8413575887680054
1696,0.7962183356285095
1697,0.7472899556159973
1698,0.7471117973327637
1699,0.7340728044509888
1700,0.7962946891784668
1701,0.7367286086082458
1702,0.7294093370437622
1703,0.8032344579696655
1704,0.8020780086517334
1705,0.7357346415519714
1706,0.845662534236908
1707,0.9211236238479614
1708,0.8872477412223816
1709,0.791781485080719
1710,0.7865647673606873
1711,0.8180616497993469
1712,0.7864281535148621
1713,0.7960286736488342
1714,0.8607956171035767
1715,0.7645425200462341
1716,0.8464500904083252
1717,0.7905658483505249
1718,0.8543063402175903
1719,0.7758340835571289
1720,0.7599343061447144
1721,0.8406383991241455
1722,0.8253695964813232
1723,0.7638788223266602
1724,0.7396230101585388
1725,0.7981140613555908
1726,0.8861263394355774
1727,0.7916809916496277
1728,0.7796083092689514
1729,0.825150728225708
1730,0.8520565032958984
1731,0.9277122616767883
1732,0.8402600288391113
1733,0.7761359214782715
1734,0.8827775120735168
1735,0.8550501465797424
1736,0.7882226705551147
1737,0.8180775046348572
1738,0.79830002784729
1739,0.7612487077713013
1740,0.826949417591095
1741,0.8944422006607056
1742,0.8401270508766174
1743,0.8211243748664856
1744,0.7637926936149597
1745,0.8580769896507263
1746,0.8305938243865967
1747,0.781716525554657
1748,0.8107634782791138
1749,0.9416515827178955
1750,0.7435881495475769
1751,0.8692323565483093
1752,0.8197581768035889
1753,0.7890664935112
1754,0.7541282176971436
1755,0.8220264315605164
1756,0.7500055432319641
1757,0.8556155562400818
1758,0.8163244724273682
1759,0.7772720456123352
1760,0.7444292902946472
1761,0.7863025069236755
1762,0.7323557734489441
1763,0.8638405203819275
1764,0.8648433089256287
1765,0.9094011187553406
1766,0.7865031361579895
1767,0.7930698394775391
1768,0.7906648516654968
1769,0.8952129483222961
1770,0.7064909934997559
1771,0.8598469495773315
1772,0.7672401666641235
1773,0.7763861417770386
1774,0.8109073638916016
1775,0.7897997498512268
1776,0.910283088684082
1777,0.8988571763038635
1778,0.7783594727516174
1779,0.8016014099121094
1780,0.7980160713195801
1781,0.7770381569862366
1782,0.7993974089622498
1783,0.7723698616027832
1784,0.7182745337486267
1785,0.7423447370529175
1786,0.8134933114051819
1787,0.8238252401351929
1788,0.8593276143074036
1789,0.8439489603042603
1790,0.8190223574638367
1791,0.7599783539772034
1792,0.8128539323806763
1793,0.7038655281066895
1794,0.8241304755210876
1795,0.7557291984558105
1796,0.8138595223426819
1797,0.7153527140617371
1798,0.820979118347168
1799,0.8972491025924683
1800,0.8210424184799194
1801,0.8183081746101379
1802,0.8130505681037903
1803,0.7849187254905701
1804,0.862153172492981
1805,0.8560218811035156
1806,0.8260174989700317
1807,0.8261016011238098
1808,0.8807120323181152
1809,0.745572566986084
1810,0.7664097547531128
1811,0.8384663462638855
1812,0.7619953155517578
1813,0.8158799409866333
1814,0.8957411646842957
1815,0.8667458295822144
1816,0.7258560657501221
1817,0.8248718976974487
1818,0.8251529335975647
1819,0.7780612111091614
1820,0.7929583787918091
1821,0.9668049216270447
1822,0.8317710161209106
1823,0.852009117603302
1824,0.9380218386650085
1825,0.758333146572113
1826,0.741183340549469
1827,0.8924869894981384
1828,0.7295239567756653
1829,0.8142862319946289
1830,0.7685285210609436
1831,0.8676735162734985
1832,0.8943915963172913
1833,0.7293605208396912
1834,0.8101670145988464
1835,0.9167925119400024
1836,0.7838340997695923
1837,0.8111393451690674
1838,0.8339060544967651
1839,0.8943263292312622
1840,0.7741618752479553
1841,0.8735671639442444
1842,0.7912277579307556
1843,0.8858227729797363
1844,0.799172043800354
1845,0.7778074741363525
1846,0.8731657862663269
1847,0.825620174407959
1848,0.7934846878051758
1849,0.9160764217376709
1850,0.7128655910491943
1851,0.865842342376709
1852,0.7634587287902832
1853,0.7789068818092346
1854,0.7653769254684448
1855,0.7715378403663635
1856,0.8295177817344666
1857,0.843743622303009
1858,0.8849672675132751
1859,0.7283680438995361
1860,0.8957108855247498
1861,0.7860697507858276
1862,0.7999555468559265
1863,0.7415930032730103
1864,0.7773714065551758
1865,0.8332574963569641
1866,0.8055409789085388
1867,0.8699032068252563
1868,0.8074948787689209
1869,0.8075233101844788
1870,0.7799256443977356
1871,0.9296597242355347
1872,0.875946044921875
1873,0.7975072264671326
1874,0.7920635342597961
1875,0.744418203830719
1876,0.8004157543182373
1877,0.8163153529167175
1878,0.8189147710800171
1879,0.9492030143737793
1880,0.7584900856018066
1881,0.7679601907730103
1882,0.8007902503013611
1883,0.8467561602592468
1884,0.8190368413925171
1885,0.8699073195457458
1886,0.8664271235466003
1887,0.7825736999511719
1888,0.8160521388053894
1889,0.8868659734725952
1890,0.800407886505127
1891,0.8115081191062927
1892,0.7601993083953857
1893,0.8780278563499451
1894,0.8373377323150635
1895,0.7212561964988708
1896,0.759770393371582
1897,0.8426406383514404
1898,0.8219436407089233
1899,0.8439857363700867
1900,0.7970046997070312
1901,0.7856963276863098
1902,0.8420156240463257
1903,0.8311415314674377
1904,0.8119050860404968
1905,0.7883753776550293
1906,0.8380594849586487
1907,0.8042266964912415
1908,0.808689296245575
1909,0.8175789713859558
1910,0.7709891200065613
1911,0.7234443426132202
1912,0.8455973863601685
1913,0.8432506322860718
1914,0.8713478446006775
1915,0.9613229632377625
1916,0.8657738566398621
1917,0.982826292514801
1918,0.8067970871925354
1919,0.8121803998947144
1920,0.8787955641746521
1921,0.9217910170555115
1922,0.8251252174377441
1923,0.8463658094406128
1924,0.9331681728363037
1925,0.8524757623672485
1926,0.749778687953949
1927,0.8103736042976379
1928,0.8066771626472473
1929,0.8425902724266052
1930,0.7381830811500549
1931,0.8655458688735962
1932,0.8519725203514099
1933,0.760035514831543
1934,0.853407084941864
1935,0.8262627720832825
1936,0.823924720287323
1937,0.8094594478607178
1938,0.7090385556221008
1939,0.7460263967514038
1940,0.8182972073554993
1941,0.9676641821861267
1942,0.9321174025535583
1943,0.8626601099967957
1944,0.8045455813407898
1945,0.8613051176071167
1946,0.8343818187713623
1947,0.7772131562232971
1948,0.78159099817276
1949,0.7940008044242859
1950,0.7637918591499329
1951,0.8245548605918884
1952,0.7052425146102905
1953,0.8298735022544861
1954,0.9145104289054871
1955,0.7303813695907593
1956,0.7891678810119629
1957,0.8404965996742249
1958,0.8321763277053833
1959,0.833841860294342
1960,0.9086073040962219
1961,0.8374468684196472
1962,0.8039068579673767
1963,0.898734986782074
1964,0.8117919564247131
1965,0.7369047403335571
1966,0.8097357153892517
1967,0.8186383247375488
1968,0.7322794795036316
1969,0.8905196785926819
1970,0.8238544464111328
1971,0.8314803242683411
1972,0.7749902009963989
1973,0.8215478658676147
1974,0.8076422810554504
1975,0.8037146925926208
1976,0.8164800405502319
1977,0.8124964833259583
1978,0.8212627172470093
1979,0.7812376022338867
1980,0.8076620697975159
1981,0.8107076287269592
1982,0.8136850595474243
1983,0.8336226344108582
1984,0.8305199146270752
1985,0.805617094039917
1986,0.79985511302948
1987,0.8085142970085144
1988,0.8456793427467346
1989,0.8834141492843628
1990,0.842544436454773
1991,0.8184551000595093
1992,0.7885421514511108
1993,0.7907103896141052
1994,0.8376962542533875
1995,0.8188300132751465
1996,0.7885364294052124
1997,0.7814299464225769
1998,0.8281357884407043
1999,0.8148149251937866
2000,0.857429563999176
2001,0.8223169445991516
2002,0.7308091521263123
2003,1.0461057424545288
2004,0.9283704161643982
2005,0.832549512386322
2006,0.8508164286613464
2007,0.7709362506866455
2008,0.732100784778595
2009,0.8796872496604919
2010,0.9038268327713013
2011,0.8154354095458984
2012,0.8151931762695312
2013,0.7969441413879395
2014,0.8723811507225037
2015,0.8023976683616638
2016,0.7124559879302979
2017,0.775122344493866
2018,0.819757878780365
2019,0.8501701951026917
2020,0.8035671710968018
2021,0.8241360783576965
2022,0.9146441221237183
2023,0.8475432395935059
2024,0.7515865564346313
2025,0.7777754664421082
2026,0.8164573311805725
2027,0.8049592971801758
2028,0.7919244170188904
2029,0.7932658195495605
2030,0.7355862259864807
2031,0.8276959657669067
2032,0.8417690396308899
2033,0.7859229445457458
2034,0.7970188856124878
2035,0.8004282116889954
2036,0.823081374168396
2037,0.7915272116661072
2038,0.852990984916687
2039,0.8926800489425659
2040,0.9165761470794678
2041,0.7894017696380615
2042,0.9615088105201721
2043,0.8133236765861511
2044,0.8502137064933777
2045,0.7731903791427612
2046,0.9324802756309509
2047,0.785401463508606
2048,0.7504756450653076
2049,0.8437820076942444
2050,0.8204084038734436
2051,0.7058852910995483
2052,0.8439140319824219
2053,0.7960157990455627
2054,0.8310258388519287
2055,0.7778124809265137
2056,0.8426480293273926
2057,0.802944540977478
2058,0.8407377600669861
2059,0.798707127571106
2060,0.8122594952583313
2061,0.9193410873413086
2062,0.8143152594566345
2063,0.759253203868866
2064,0.8761187791824341
2065,0.7733497619628906
2066,0.7705637216567993
2067,0.7802444100379944
2068,0.7716415524482727
2069,0.8068808913230896
2070,0.7839727997779846
2071,0.7951194643974304
2072,0.8417475819587708
2073,0.8251469731330872
2074,0.8077176809310913
2075,0.8734256625175476
2076,0.798267662525177
2077,0.9310842752456665
2078,0.9073132872581482
2079,0.7818508148193359
2080,0.9355453848838806
2081,0.7560372352600098
2082,0.8552329540252686
2083,0.7466291785240173
2084,0.6713562607765198
2085,0.7791579365730286
2086,0.7255457639694214
2087,0.7873281240463257
2088,0.7892881631851196
2089,0.7625032663345337
2090,0.8337663412094116
2091,0.8290267586708069
2092,0.7825228571891785
2093,0.8834972381591797
2094,0.7633364200592041
2095,0.8432835340499878
2096,0.7326304316520691
2097,0.8163858652114868
2098,0.8620387315750122
2099,0.8792033195495605
2100,0.8164281249046326
2101,0.784752607345581
2102,0.8232970237731934
2103,0.7447468042373657
2104,0.9355286955833435
2105,0.8091216683387756
2106,0.8880213499069214
2107,0.9523563981056213
2108,0.856757640838623
2109,0.8070163130760193
2110,0.7667390704154968
2111,0.7776216268539429
2112,0.8406622409820557
2113,0.7808111906051636
2114,0.8274838924407959
2115,0.8669911623001099
2116,0.8588464260101318
2117,0.7827515006065369
2118,0.9900491237640381
2119,0.7567399740219116
2120,0.8030837774276733
2121,0.8533195853233337
2122,0.7813372611999512
2123,0.7763631939888
2124,0.8202590346336365
2125,0.7972127199172974
2126,0.8820663690567017
2127,0.828007698059082
2128,0.7850581407546997
2129,0.7620669603347778
2130,0.8506433963775635
2131,0.8308203816413879
2132,0.7624684572219849
2133,0.8176868557929993
2134,0.7734763622283936
2135,0.8702284097671509
2136,0.8383307456970215
2137,0.8274847269058228
2138,0.7511085271835327
2139,0.9081701636314392
2140,0.7984001040458679
2141,0.8557648658752441
2142,0.8495431542396545
2143,0.8084533214569092
2144,0.8051561713218689
2145,0.7522097826004028
2146,0.801077663898468
2147,0.8052907586097717
2148,0.8375190496444702
2149,0.7319602370262146
2150,0.7360393404960632
2151,0.808553159236908
2152,0.6850547194480896
2153,0.7820910811424255
2154,0.8768146634101868
2155,0.841754674911499
2156,0.7919214367866516
2157,0.8504682183265686
2158,0.7447839975357056
2159,0.8581573963165283
2160,0.8011559247970581
2161,0.8348855376243591
2162,0.7149189710617065
2163,0.7420262694358826
2164,0.8245235681533813
2165,0.7908900380134583
2166,0.8806527853012085
2167,0.8369433283805847
2168,0.8924701809883118
2169,0.7304670810699463
2170,0.7469989657402039
2171,0.8073797821998596
2172,0.799105167388916
2173,0.9258185625076294
2174,0.8132664561271667
2175,0.8491477966308594
2176,0.9692746996879578
2177,0.7938648462295532
2178,0.7287675142288208
2179,0.7132137417793274
2180,0.7611693739891052
2181,0.9953802227973938
2182,0.8452094793319702
2183,0.8645991683006287
2184,0.8217213153839111
2185,0.8212389945983887
2186,0.7895295023918152
2187,0.7910013794898987
2188,0.7986467480659485
2189,0.9013792872428894
2190,0.7946534752845764
2191,0.7780474424362183
2192,0.7255526185035706
2193,0.8973326086997986
2194,0.8689361214637756
2195,0.8571556806564331
2196,0.8255099058151245
2197,0.8413327932357788
2198,0.9167032837867737
2199,0.8753716349601746
2200,0.7637625336647034
2201,0.7760661840438843
2202,0.8867298364639282
2203,0.7461761236190796
2204,0.8702333569526672
2205,0.7744233012199402
2206,0.8681763410568237
2207,0.7988539338111877
2208,0.8141147494316101
2209,0.7892587780952454
2210,0.7957959175109863
2211,0.8371829390525818
2212,0.7121356129646301
2213,0.87337726354599
2214,0.7192155122756958
2215,0.7105187773704529
2216,0.7845057845115662
2217,0.9583421945571899
2218,0.7697004079818726
2219,0.8315536379814148
2220,0.7641768455505371
2221,0.8008024096488953
2222,0.9485822916030884
2223,0.818644642829895
2224,0.8667030930519104
2225,0.8324466347694397
2226,0.7699401378631592
2227,0.7878866791725159
2228,0.7215256690979004
2229,0.8704511523246765
2230,0.7493481040000916
2231,0.8108561038970947
2232,0.8137463331222534
2233,0.8064524531364441
2234,0.9095886945724487
2235,0.8392754793167114
2236,0.8000061511993408
2237,0.7951056957244873
2238,0.8787545561790466
2239,0.7976459264755249
2240,0.8779083490371704
2241,0.7337606549263
2242,0.7551063299179077
2243,0.8869802951812744
2244,0.7733389735221863
2245,0.7471715807914734
2246,0.8882927894592285
2247,0.8532583117485046
2248,0.8306069374084473
2249,0.9102012515068054
2250,0.9214324951171875
2251,0.8887442350387573
2252,0.8282507061958313
2253,0.8396798372268677
2254,0.795592725276947
2255,0.8252965211868286
2256,0.755468487739563
2257,0.7811410427093506
2258,0.7643253803253174
2259,0.9497813582420349
2260,0.8591585159301758
2261,0.8253611922264099
2262,0.7589387893676758
2263,0.9610294103622437
2264,0.8420922160148621
2265,0.7892819046974182
2266,0.8135885000228882
2267,0.9518041014671326
2268,0.8142964839935303
2269,0.7329317927360535
2270,0.8137662410736084
2271,0.7827114462852478
2272,0.8342263698577881
2273,0.7732346653938293
2274,0.7891196012496948
2275,0.8235539197921753
2276,0.7670215368270874
2277,0.7792695760726929
2278,0.8598844408988953
2279,0.7969027161598206
2280,0.7942819595336914
2281,0.8109610080718994
2282,0.9249571561813354
2283,0.7962300777435303
2284,0.7446861863136292
2285,0.8136959075927734
2286,0.822545051574707
2287,0.8312592506408691
2288,0.8159974217414856
2289,0.8926462531089783
2290,0.8196614384651184
2291,0.8386482000350952
2292,0.7754553556442261
2293,0.8796402812004089
2294,0.8348081707954407
2295,0.7971280813217163
2296,0.8155289888381958
2297,0.8592916131019592
2298,0.7731756567955017
2299,0.9602177739143372
2300,0.7899279594421387
2301,0.8251422047615051
2302,0.8341124057769775
2303,0.9341705441474915
2304,0.8693585395812988
2305,0.8538002371788025
2306,0.8091195821762085
2307,0.7671485543251038
2308,0.7161110043525696
2309,0.8263137340545654
2310,0.7881825566291809
2311,0.8317174911499023
2312,0.7592487335205078
2313,0.7870454788208008
2314,0.885988175868988
2315,0.8866010308265686
2316,0.7461177706718445
2317,0.8287038803100586
2318,0.7817288041114807
2319,0.7244976758956909
2320,0.7734715342521667
2321,0.7703098654747009
2322,0.8343669176101685
2323,0.7743628025054932
2324,0.7986435294151306
2325,0.7971376180648804
2326,0.7818121314048767
2327,0.9175931811332703
2328,0.910692036151886
2329,0.86301189661026
2330,0.9448549151420593
2331,0.8015545606613159
2332,0.7858331203460693
2333,0.8630563020706177
2334,0.7465200424194336
2335,0.8240010738372803
2336,0.8026360273361206
2337,0.8524516224861145
2338,0.811765730381012
2339,0.8906608819961548
2340,0.8623279333114624
2341,0.7834928035736084
2342,0.7904921174049377
2343,0.9147014617919922
2344,0.8256309032440186
2345,0.8541498780250549
2346,0.762565553188324
2347,0.8286789655685425
2348,0.7615512013435364
2349,0.8455170392990112
2350,0.8594220280647278
2351,0.9822114109992981
2352,0.7499403357505798
2353,0.751436173915863
2354,0.78255295753479
2355,0.7469379901885986
2356,0.8213217854499817
2357,0.9375218152999878
2358,0.8648669719696045
2359,0.8576017022132874
2360,0.7931169271469116
2361,0.8613706827163696
2362,0.804333508014679
2363,0.8179193139076233
2364,0.8124494552612305
2365,0.8440011143684387
2366,0.7861547470092773
2367,0.7710421681404114
2368,0.8275378942489624
2369,0.6882368922233582
2370,0.7750168442726135
2371,0.8203544616699219
2372,0.8014776706695557
2373,0.8212227821350098
2374,0.8450971245765686
2375,0.8260648250579834
2376,0.729286789894104
2377,0.7941866517066956
2378,0.8752667307853699
2379,0.8971324563026428
2380,0.85163813829422
2381,0.8598798513412476
2382,0.777062714099884
2383,0.7794297933578491
2384,0.7758250832557678
2385,0.7582692503929138
2386,0.8462192416191101
2387,0.8121006488800049
2388,0.8541258573532104
2389,0.7838736772537231
2390,0.8352612853050232
2391,0.7686516642570496
2392,0.7819533944129944
2393,0.8259389400482178
2394,0.7656817436218262
2395,0.8443472981452942
2396,0.8515627384185791
2397,0.843900203704834
2398,0.865544855594635
2399,0.8611030578613281
2400,0.7560788989067078
2401,0.7660571336746216
2402,0.7665430903434753
2403,0.8454184532165527
2404,0.8161376118659973
2405,0.7234556078910828
2406,0.7077382206916809
2407,0.7552652955055237
2408,0.823361873626709
2409,0.8500962853431702
2410,0.8026314973831177
2411,0.7283405065536499
2412,0.7835550904273987
2413,0.9068820476531982
2414,0.812470018863678
2415,0.8764261603355408
2416,0.8719409108161926
2417,0.8389326930046082
2418,0.771515429019928
2419,0.6795602440834045
2420,0.8253661394119263
2421,0.8701019287109375
2422,0.7646700739860535
2423,0.8112812042236328
2424,0.7071866393089294
2425,0.7435389757156372
2426,0.8655333518981934
2427,0.7496498227119446
2428,0.8716357946395874
2429,0.817518949508667
2430,0.9025282859802246
2431,0.8538122177124023
2432,0.8328208923339844
2433,0.7354111075401306
2434,0.9535946846008301
2435,0.8589551448822021
2436,0.832308828830719
2437,0.8910809755325317
2438,0.863040566444397
2439,0.8389082551002502
2440,0.7153854966163635
2441,0.8613590598106384
2442,0.7906152606010437
2443,0.7418599724769592
2444,0.784644603729248
2445,0.8169995546340942
2446,0.7642601132392883
2447,0.8497902154922485
2448,0.7923321723937988
2449,0.832913875579834
2450,0.8583144545555115
2451,0.7730150818824768
2452,0.78255695104599
2453,0.820527970790863
2454,0.8309465050697327
2455,0.88486647605896
2456,0.8180993795394897
2457,0.9508340954780579
2458,0.8014765977859497
2459,0.7908509373664856
2460,0.8105309009552002
2461,0.8110707998275757
2462,0.7447687983512878
2463,0.8501448035240173
2464,0.8469930291175842
2465,0.7581019997596741
2466,0.8602662086486816
2467,0.78497713804245
2468,0.7874956130981445
2469,1.0458881855010986
2470,0.8404111862182617
2471,0.8138110637664795
2472,0.8131826519966125
2473,0.7689975500106812
2474,0.8506217002868652
2475,0.7755756974220276
2476,0.7625083923339844
2477,0.8082031011581421
2478,0.7907674908638
2479,0.7666850090026855
2480,0.821675717830658
2481,0.8720921277999878
2482,0.7937239408493042
2483,0.7802765965461731
2484,0.8422676920890808
2485,0.7128287553787231
2486,0.833368182182312
2487,0.7065455317497253
2488,0.7855337858200073
2489,0.7370316386222839
2490,0.8561881184577942
2491,0.7542064785957336
2492,0.8262060284614563
2493,0.8382490277290344
2494,0.7469813823699951
2495,0.8965347409248352
2496,0.78324294090271
2497,0.8269043564796448
2498,0.7546973824501038
2499,0.8275318741798401
2500,0.9519064426422119
2501,0.8074809908866882
2502,0.7194873094558716
2503,0.770702600479126
2504,0.8723447918891907
2505,0.8962430953979492
2506,0.8068781495094299
2507,0.7873346209526062
2508,0.8194811940193176
2509,0.9471035003662109
2510,0.8117091655731201
2511,0.9190007448196411
2512,0.9020842909812927
2513,0.8659814596176147
2514,0.7830353379249573
2515,0.8210665583610535
2516,0.7973828315734863
2517,0.9203678965568542
2518,0.759320080280304
2519,0.7734097242355347
2520,0.8242607712745667
2521,0.7190726399421692
2522,0.7429680228233337
2523,0.7549347281455994
2524,0.7784066200256348
2525,0.746070921421051
2526,0.7716265320777893
2527,0.805254340171814
2528,0.8369271755218506
2529,0.7593384981155396
2530,0.7907877564430237
2531,0.8347312211990356
2532,0.8019987344741821
2533,0.8421162962913513
2534,0.8379830718040466
2535,0.835523784160614
2536,0.9121087789535522
2537,0.8223641514778137
2538,0.8411515355110168
2539,0.7816042900085449
2540,0.7518313527107239
2541,0.7661921381950378
2542,0.715294599533081
2543,0.8008946180343628
2544,0.9619608521461487
2545,0.821537971496582
2546,0.7864899039268494
2547,0.7696617245674133
2548,0.835903525352478
2549,0.7703362107276917
2550,0.8067179918289185
2551,0.8055791854858398
2552,0.8570778369903564
2553,0.7979715466499329
2554,0.799817681312561
2555,0.8752660751342773
2556,0.7947599291801453
2557,0.9230983853340149
2558,0.8258659243583679
2559,0.811385452747345
2560,0.8575973510742188
2561,0.7737141251564026
2562,0.789533793926239
2563,0.8297029137611389
2564,0.7380563616752625
2565,0.8256118297576904
2566,0.7852963209152222
2567,0.9161871075630188
2568,0.8384044766426086
2569,0.756722092628479
2570,0.8496964573860168
2571,0.910899817943573
2572,0.8040106892585754
2573,0.8200106024742126
2574,0.8594107627868652
2575,0.9330942630767822
2576,0.8265634775161743
2577,0.7088716626167297
2578,0.8242513537406921
2579,0.8218373656272888
2580,0.8238581418991089
2581,0.880950927734375
2582,0.8523250222206116
2583,0.7686518430709839
2584,0.8310948014259338
2585,0.7527990341186523
2586,0.884563684463501
2587,0.819656491279602
2588,0.8258767127990723
2589,0.821018636226654
2590,0.8698228597640991
2591,0.8115969300270081
2592,0.8202650547027588
2593,0.7878353595733643
2594,0.8841243386268616
2595,0.8121867179870605
2596,0.7630658149719238
2597,0.8786664605140686
2598,0.8543171882629395
2599,0.8188862204551697
2600,0.8392089605331421
2601,0.8380523920059204
2602,0.8528801798820496
2603,0.8601417541503906
2604,0.8796068429946899
2605,0.937009871006012
2606,0.815375566482544
2607,0.831900417804718
2608,0.8592696189880371
2609,0.8056974411010742
2610,0.8072949051856995
2611,0.861358642578125
2612,0.7175190448760986
2613,0.7979546785354614
2614,0.7831413149833679
2615,0.8340280055999756
2616,0.848077118396759
2617,0.788661777973175
2618,0.803347647190094
2619,0.8097959160804749
2620,0.8291170597076416
2621,0.8454470634460449
2622,0.7914345264434814
2623,0.7702791094779968
2624,0.8498826026916504
2625,0.8027198910713196
2626,0.803562343120575
2627,0.8061558604240417
2628,0.6385312676429749
2629,0.7718263864517212
2630,0.8876904845237732
2631,0.8152213096618652
2632,0.7581896185874939
2633,0.8228387236595154
2634,0.6612837314605713
2635,0.842086911201477
2636,0.6996736526489258
2637,0.8038706183433533
2638,0.884766161441803
2639,0.8382601141929626
2640,0.8424364328384399
2641,0.8379421830177307
2642,0.8616567254066467
2643,0.7651374340057373
2644,0.7760980725288391
2645,0.842877984046936
2646,0.7852409482002258
2647,0.7067887783050537
2648,0.7440586686134338
2649,0.7996797561645508
2650,0.8368573188781738
2651,0.8424334526062012
2652,0.8757969737052917
2653,0.8200652003288269
2654,0.8422552943229675
2655,0.824633002281189
2656,0.8313969373703003
2657,0.7455698847770691
2658,0.7776034474372864
2659,0.7918886542320251
2660,0.6256171464920044
2661,0.7882313132286072
2662,0.7924899458885193
2663,0.8574385046958923
2664,0.7765610814094543
2665,0.8382297158241272
2666,0.8173226714134216
2667,0.7372435331344604
2668,0.796843409538269
2669,0.8726584315299988
2670,0.8392072319984436
2671,0.860141932964325
2672,0.7523336410522461
2673,0.792473316192627
2674,0.8404221534729004
2675,0.8972241282463074
2676,0.8926610350608826
2677,0.8145014047622681
2678,0.7888986468315125
2679,0.7959811091423035
2680,0.8566261529922485
2681,0.9193559288978577
2682,0.8118442296981812
2683,0.777807354927063
2684,0.7977376580238342
2685,0.8520128726959229
2686,0.866114616394043
2687,0.7463546991348267
2688,0.8855312466621399
2689,0.8541693091392517
2690,0.8897268772125244
2691,0.7917797565460205
2692,0.8557204604148865
2693,0.8633277416229248
2694,0.9176135659217834
2695,0.7353968024253845
2696,0.8184465169906616
2697,0.8520877361297607
2698,0.8851796984672546
2699,0.7150888442993164
2700,0.8402805328369141
2701,0.8461330533027649
2702,0.9625063538551331
2703,0.725833535194397
2704,0.8688293099403381
2705,0.9242026805877686
2706,0.9266731142997742
2707,0.7786558270454407
2708,0.8419167399406433
2709,0.8124539256095886
2710,0.762491762638092
2711,0.9205194115638733
2712,0.747559666633606
2713,0.789618730545044
2714,0.7492496371269226
2715,0.8456217050552368
2716,0.6652585864067078
2717,0.8703806400299072
2718,0.8390516042709351
2719,0.7740604281425476
2720,0.7524059414863586
2721,0.8881232738494873
2722,0.9311966896057129
2723,0.7780115008354187
2724,0.8734156489372253
2725,0.8365273475646973
2726,0.8391696214675903
2727,0.816041886806488
2728,0.7540005445480347
2729,0.807574450969696
2730,0.8440343737602234
2731,0.780448317527771
2732,0.9120392203330994
2733,0.8473488688468933
2734,0.7827377319335938
2735,0.7828221321105957
2736,0.855910062789917
2737,0.8150094747543335
2738,0.8463467359542847
2739,0.7931825518608093
2740,0.8180674910545349
2741,0.9006243348121643
2742,0.7209340333938599
2743,0.8592768907546997
2744,0.777325451374054
2745,0.7285779118537903
2746,0.7416301965713501
2747,0.8120677471160889
2748,0.7452847361564636
2749,0.9018499255180359
2750,0.8333951234817505
2751,1.0130079984664917
2752,0.7375022172927856
2753,0.8270094394683838
2754,0.8097635507583618
2755,0.8328002095222473
2756,0.775107204914093
2757,0.7668459415435791
2758,0.8122879862785339
2759,0.8663225173950195
2760,0.774535596370697
2761,0.8020859956741333
2762,0.7850298881530762
2763,0.7656903266906738
2764,0.9225013852119446
2765,0.8239619135856628
2766,0.8558198809623718
2767,0.7576817870140076
2768,0.8428261280059814
2769,0.8333876729011536
2770,0.9781833291053772
2771,0.8008354306221008
2772,0.7772030234336853
2773,0.8737549781799316
2774,0.9042374491691589
2775,0.8829167485237122
2776,0.7886995077133179
2777,0.8350937962532043
2778,0.7814820408821106
2779,0.8154176473617554
2780,0.7757002711296082
2781,0.7832772731781006
2782,0.7384369969367981
2783,0.7933180332183838
2784,0.8091250658035278
2785,0.7940657138824463
2786,0.804696798324585
2787,0.7428255081176758
2788,0.9092457890510559
2789,0.8187546133995056
2790,0.8520252108573914
2791,0.8209565877914429
2792,0.7253633737564087
2793,0.7493956089019775
2794,0.8899086117744446
2795,0.7528133392333984
2796,0.7288526296615601
2797,0.8392727971076965
2798,0.8730661869049072
2799,0.820449948310852
2800,0.7477387189865112
2801,0.7439700365066528
2802,0.7457447052001953
2803,0.8201573491096497
2804,0.7254650592803955
2805,0.8081451654434204
2806,0.8604620099067688
2807,0.8583961129188538
2808,0.8200588226318359
2809,0.8459470272064209
2810,0.793345034122467
2811,0.8902537822723389
2812,0.7853450179100037
2813,0.8229087591171265
2814,0.7445473074913025
2815,0.7344100475311279
2816,0.8227655291557312
2817,0.8052491545677185
2818,0.7344080209732056
2819,0.9194629192352295
2820,0.8830347061157227
2821,0.8652377128601074
2822,0.7646951079368591
2823,0.6917682886123657
2824,0.9137169718742371
2825,0.7048770189285278
2826,0.7580273151397705
2827,0.8137409687042236
2828,0.7637993097305298
2829,0.8431538343429565
2830,0.7282376289367676
2831,0.761919379234314
2832,0.820395290851593
2833,0.9182756543159485
2834,0.7778940796852112
2835,0.8812822699546814
2836,0.8803350329399109
2837,0.9958484172821045
2838,0.7402470707893372
2839,0.798412024974823
2840,0.8366429209709167
2841,0.7069830894470215
2842,0.8279210329055786
2843,0.8258523941040039
2844,0.7657085061073303
2845,0.7665373682975769
2846,0.8263056874275208
2847,0.8405198454856873
2848,0.8085189461708069
2849,0.8596469759941101
2850,0.794487476348877
2851,1.0159307718276978
2852,0.8693535327911377
2853,0.7175705432891846
2854,0.8257010579109192
2855,0.8613412380218506
2856,0.8058332800865173
2857,0.8111191987991333
2858,0.8588249683380127
2859,0.8210893273353577
2860,0.8248616456985474
2861,0.8893564939498901
2862,0.7642261385917664
2863,0.8536171913146973
2864,0.8154946565628052
2865,0.8554518818855286
2866,0.7729939222335815
2867,0.9321703314781189
2868,0.8155760169029236
2869,0.7794527411460876
2870,0.7096020579338074
2871,0.7474659085273743
2872,0.8126443028450012
2873,0.8890848159790039
2874,0.7469530701637268
2875,0.8401077389717102
2876,0.8882948160171509
2877,0.859480082988739
2878,0.7792258858680725
2879,0.7453873753547668
2880,0.8953007459640503
2881,0.8603845238685608
2882,0.8233229517936707
2883,0.864557147026062
2884,0.7951864004135132
2885,0.8720981478691101
2886,0.9069616794586182
2887,0.7580779194831848
2888,0.7328519821166992
2889,0.7763811945915222
2890,0.8954428434371948
2891,0.7243887782096863
2892,0.9281970262527466
2893,0.7963902354240417
2894,0.7669581174850464
2895,0.7538488507270813
2896,0.7373310923576355
2897,0.7623103260993958
2898,0.8518764972686768
2899,0.7704027891159058
2900,0.706753134727478
2901,0.7259365916252136
2902,0.8871625065803528
2903,0.7783791422843933
2904,0.7999952435493469
2905,0.7388527393341064
2906,0.8028785586357117
2907,0.8491886854171753
2908,0.8598089814186096
2909,0.7817813158035278
2910,0.8319757580757141
2911,0.8000558018684387
2912,0.8851154446601868
2913,0.7846578359603882
2914,0.8650480508804321
2915,0.801992654800415
2916,0.8623331785202026
2917,0.8192471861839294
2918,0.8249287009239197
2919,0.8084583282470703
2920,0.7038083076477051
2921,0.8265524506568909
2922,0.8267494440078735
2923,0.8091336488723755
2924,0.7685585618019104
2925,0.8347395062446594
2926,0.7838883399963379
2927,0.775762677192688
2928,0.8576506972312927
2929,0.8948143124580383
2930,0.7299947142601013
2931,0.764682412147522
2932,0.8510984778404236
2933,0.7690669894218445
2934,0.8208023309707642
2935,0.9063947796821594
2936,0.7250508069992065
2937,0.8615879416465759
2938,0.8205122947692871
2939,1.0178532600402832
2940,0.7795540690422058
2941,0.7538176774978638
2942,0.8438075184822083
2943,0.8722167611122131
2944,0.7582881450653076
2945,0.753688395023346
2946,0.7793348431587219
2947,0.8613612651824951
2948,0.7539408206939697
2949,0.7897844910621643
2950,0.8132364153862
2951,0.889437198638916
2952,0.7671189904212952
2953,0.8311001062393188
2954,0.739091157913208
2955,0.7456687688827515
2956,0.888001024723053
2957,0.7771635055541992
2958,0.8165650367736816
2959,0.8819483518600464
2960,0.8771154880523682
2961,0.8581260442733765
2962,0.82290118932724
2963,0.8296682238578796
2964,0.911575198173523
2965,0.7534865736961365
2966,0.8583062291145325
2967,0.834787905216217
2968,0.8201212882995605
2969,0.8081910014152527
2970,0.8523668646812439
2971,0.7852926850318909
2972,0.83900386095047
2973,0.7989824414253235
2974,0.85463947057724
2975,0.8716212511062622
2976,0.8403712511062622
2977,0.9177422523498535
2978,0.8171194195747375
2979,0.8637476563453674
2980,0.8591848015785217
2981,0.8023906946182251
2982,0.8367292881011963
2983,0.8157471418380737
2984,0.835625171661377
2985,0.8787515163421631
2986,0.8296176195144653
2987,0.7997373938560486
2988,0.7847126126289368
2989,0.7956488132476807
2990,0.8423599600791931
2991,0.8312373161315918
2992,0.7838393449783325
2993,0.8212706446647644
2994,0.7978326678276062
2995,0.7385865449905396
2996,0.7593782544136047
2997,0.8447892069816589
2998,0.768359363079071
2999,0.7383548021316528
