,scores,,,,,,
0,0.940405667,,,,,,
1,0.9651829,,,,,,
2,0.906375766,,,,,,
3,0.917562366,,,,,,
4,0.981435597,,,,,,
5,0.98342973,,,,,,
6,0.98249054,,,,,,
7,0.929425359,,,,,,
8,0.911957562,,,,,,
9,0.966600835,,,,,,
10,0.96939671,,,,,,
11,0.956625283,,,,,,
12,0.908776164,,,,,,
13,0.951842368,,,,,,
14,0.953340173,,,,,,
15,0.952548563,,,,,,
16,0.986034155,,,,,,
17,1.045023322,,,,,,
18,1.028032541,,,,,,
19,0.92063576,,,,,,
20,0.989260316,,,,,,
21,0.898334563,,,,,,
22,0.94328177,,,,,,
23,1.007845402,,,,,,
24,0.998821676,,,,,,
25,0.937241733,,,,,,
26,0.963276565,,,,,,
27,0.963634253,,,,,,
28,0.973804593,,,,,,
29,0.972924948,,,,,,
30,0.944554687,,,,,,
31,0.921633661,,,,,,
32,0.974195778,,,,,,
33,1.000115752,,,,,,
34,0.987380922,,,,,,
35,0.999685943,,,,,,
36,0.913137436,,,,,,
37,0.955044925,,,,,,
38,1.037551045,,,,,,
39,0.988454819,,,,,,
40,0.967869222,,,,,,
41,0.954658329,,,,,,
42,0.97508496,,,,,,
43,0.870178521,,,,,,
44,0.960010767,,,,,,
45,0.862764537,,,,,,
46,1.010667086,,,,,,
47,1.032028556,,,,,,
48,0.895419657,,,,,,
49,0.94607091,,,,,,
50,0.979347944,,,,,,
51,0.925969183,,,,,,
52,0.931023419,,,,,,
53,0.991215825,,,,,,
54,0.971043646,,,,,,
55,0.999090254,,,,,,
56,0.956565619,,,,,,
57,1.008871317,,,,,,
58,0.949534833,,,,,,
59,0.999242187,,,,,,
60,0.98291558,,,,,,
61,0.953386009,,,,,,
62,0.932852924,,,,,,
63,0.901080251,,,,,,
64,0.978093624,,,,,,
65,0.971533477,,,,,,
66,0.897807062,,,,,,
67,0.936519325,,,,,,
68,0.997915328,,,,,,
69,1.004586101,,,,,,
70,0.937035441,,,,,,
71,0.968598604,,,,,,
72,0.947582304,,,,,,
73,0.920492351,,,,,,
74,0.920192897,,,,,,
75,0.900582433,,,,,,
76,0.925177097,,,,,,
77,0.961536288,,,,,,
78,0.913724601,,,,,,
79,0.970470846,,,,,,
80,0.891782284,,,,,,
81,0.971380949,,,,,,
82,0.935023606,,,,,,
83,1.035348535,,,,,,
84,0.895252228,,,,,,
85,0.952163517,,,,,,
86,1.001139879,,,,,,
87,0.921949625,,,,,,
88,0.925587118,,,,,,
89,0.925586224,,,,,,
90,0.967456758,,,,,,
91,0.947046459,,,,,,
92,0.917520821,,,,,,
93,1.02916646,,,,,,
94,0.987356305,,,,,,
95,0.899080515,,,,,,
96,0.998401403,,,,,,
97,0.929243147,,,,,,
98,1.001539111,,,,,,
99,1.005528569,,,,,,
100,0.965139747,,,,,,
101,0.986166894,,,,,,
102,0.89599967,,,,,,
103,0.962897122,,,,,,
104,0.939706385,,,,,,
105,0.920044005,,,,,,
106,0.789785862,,,,,,
107,0.944011986,,,,,,
108,0.998983979,,,,,,
109,0.921548247,,,,,,
110,0.976697266,,,,,,
111,0.914922833,,,,,,
112,0.880912244,,,,,,
113,0.985845566,,,,,,
114,0.809424579,,,,,,
115,1.0340451,,,,,,
116,0.971283317,,,,,,
117,0.918266237,,,,,,
118,0.894792199,,,,,,
119,1.025538921,,,,,,
120,0.970248759,,,,,,
121,0.945765913,,,,,,
122,0.956031322,,,,,,
123,0.965241671,,,,,,
124,0.941286385,,,,,,
125,1.020167589,,,,,,
126,0.981755316,,,,,,
127,0.998363316,,,,,,
128,1.017599344,,,,,,
129,0.986284196,,,,,,
130,0.997270226,,,,,,
131,0.992525995,,,,,,
132,0.928920031,,,,,,
133,0.901136398,,,,,,
134,0.981127381,,,,,,
135,0.966619074,,,,,,
136,0.98368758,,,,,,
137,1.000687957,,,,,,
138,0.973767042,,,,,,
139,1.03063786,,,,,,
140,0.949476957,,,,,,
141,0.912724972,,,,,,
142,1.00629127,,,,,,
143,0.937837303,,,,,,
144,0.961041451,,,,,,
145,0.993288159,,,,,,
146,0.993921995,,,,,,
147,1.025367975,,,,,,
148,0.97820425,,,,,,
149,1.03281486,,,,,,
150,1.010009885,,,,,,
151,0.898674071,,,,,,
152,0.912486911,,,,,,
153,0.927040219,,,,,,
154,0.884782851,,,,,,
155,0.900863409,,,,,,
156,0.981083214,,,,,,
157,1.03979826,,,,,,
158,0.968312025,,,,,,
159,0.920945883,,,,,,
160,0.94552058,,,,,,
161,0.948330224,,,,,,
162,0.919151902,,,,,,
163,0.928401947,,,,,,
164,0.974786103,,,,,,
165,1.011860728,,,,,,
166,0.956979573,,,,,,
167,1.026889205,,,,,,
168,0.86557132,,,,,,
169,0.990665674,,,,,,
170,1.005458474,,,,,,
171,0.884054422,,,,,,
172,0.980137944,,,,,,
173,0.953395605,,,,,,
174,0.957438648,,,,,,
175,0.975562215,,,,,,
176,0.90060401,,,,,,
177,0.940789282,,,,,,
178,0.91243124,,,,,,
179,0.971809745,,,,,,
180,0.937624097,,,,,,
181,0.830334425,,,,,,
182,0.958841681,,,,,,
183,0.941835761,,,,,,
184,0.967699051,,,,,,
185,0.96578306,,,,,,
186,0.961196721,,,,,,
187,0.992775857,,,,,,
188,1.040888429,,,,,,
189,0.977735102,,,,,,
190,0.931233108,,,,,,
191,1.017755628,,,,,,
192,0.893303216,,,,,,
193,1.010138988,,,,,,
194,0.971400559,,,,,,
195,0.98758328,,,,,,
196,0.939593196,,,,,,
197,0.940650165,,,,,,
198,0.952047765,,,,,,
199,1.014332056,,,,,,
200,0.952732444,,,,,,
201,0.895634234,,,,,,
202,1.003827333,,,,,,
203,0.942400098,,,,,,
204,0.97893846,,,,,,
205,1.001507878,,,,,,
206,0.99301964,,,,,,
207,0.985434234,,,,,,
208,0.911938667,,,,,,
209,0.98748529,,,,,,
210,1.041109085,,,,,,
211,0.949322939,,,,,,
212,1.037119031,,,,,,
213,0.98286885,,,,,,
214,0.977568448,,,,,,
215,0.982411981,,,,,,
216,0.908235431,,,,,,
217,0.935442507,,,,,,
218,0.901738048,,,,,,
219,0.989608228,,,,,,
220,0.945878267,,,,,,
221,0.927881002,,,,,,
222,1.070045829,,,,,,
223,1.043750405,,,,,,
224,0.907124877,,,,,,
225,0.943349719,,,,,,
226,0.957041323,,,,,,
227,0.9759835,,,,,,
228,0.932697594,,,,,,
229,1.030445695,,,,,,
230,0.930238247,,,,,,
231,0.944911122,,,,,,
232,0.9789958,,,,,,
233,0.989140213,,,,,,
234,0.903895557,,,,,,
235,0.913196981,,,,,,
236,1.01143837,,,,,,
237,0.960256219,,,,,,
238,0.932144761,,,,,,
239,0.952584326,,,,,,
240,0.914298356,,,,,,
241,0.959718525,,,,,,
242,1.026374698,,,,,,
243,0.933051646,,,,,,
244,0.947402656,,,,,,
245,0.943463027,,,,,,
246,0.909536719,,,,,,
247,0.884425759,,,,,,
248,0.903025806,,,,,,
249,0.951736033,,,,,,
250,1.020327806,,,,,,
251,0.972634256,,,,,,
252,1.039153218,,,,,,
253,0.917021811,,,,,,
254,0.892041981,,,,,,
255,0.962962747,,,,,,
256,0.962101281,,,,,,
257,0.985905349,,,,,,
258,0.86743021,,,,,,
259,1.047535181,,,,,,
260,0.939581931,,,,,,
261,0.939243436,,,,,,
262,0.95678097,,,,,,
263,0.977137923,,,,,,
264,0.971397638,,,,,,
265,0.936768711,,,,,,
266,0.942688107,,,,,,
267,0.965817332,,,,,,
268,0.978283584,,,,,,
269,1.007902145,,,,,,
270,1.024546981,,,,,,
271,0.885628283,,,,,,
272,0.91637975,,,,,,
273,1.006130815,,,,,,
274,0.946350753,,,,,,
275,0.974978328,,,,,,
276,0.975263715,,,,,,
277,0.934670806,,,,,,
278,0.988086998,,,,,,
279,1.009745002,,,,,,
280,0.900701642,,,,,,
281,0.993385255,,,,,,
282,0.931869626,,,,,,
283,0.905717134,,,,,,
284,0.947119892,,,,,,
285,0.961718976,,,,,,
286,0.89671731,,,,,,
287,0.915553689,,,,,,
288,0.874491632,,,,,,
289,0.902190685,,,,,,
290,0.953512669,,,,,,
291,0.963539124,,,,,,
292,0.944354236,,,,,,
293,0.971849024,,,,,,
294,0.967457414,,,,,,
295,0.933018863,,,,,,
296,0.953296602,,,,,,
297,0.907647669,,,,,,
298,0.90628475,,,,,,
299,0.984886885,,,,,,
300,1.009600759,,,,,,
301,0.942197323,,,,,,
302,0.999943078,,,,,,
303,0.921546936,,,,,,
304,1.018061161,,,,,,
305,0.924892128,,,,,,
306,0.983485818,,,,,,
307,0.964008689,,,,,,
308,0.92955339,,,,,,
309,0.921390057,,,,,,
310,0.953045547,,,,,,
311,0.926752508,,,,,,
312,0.950972557,,,,,,
313,0.920934498,,,,,,
314,0.904658735,,,,,,
315,0.929103374,,,,,,
316,0.98378104,,,,,,
317,0.99416405,,,,,,
318,0.946893275,,,,,,
319,0.961834252,,,,,,
320,0.974817097,,,,,,
321,0.946484447,,,,,,
322,0.903085113,,,,,,
323,0.986164808,,,,,,
324,0.988898933,,,,,,
325,1.063661337,,,,,,
326,0.908766925,,,,,,
327,0.905815184,,,,,,
328,0.906641722,,,,,,
329,0.970194459,,,,,,
330,1.017737508,,,,,,
331,0.91070354,,,,,,
332,0.993431807,,,,,,
333,1.027939558,,,,,,
334,0.972494841,,,,,,
335,0.991265535,,,,,,
336,0.920099735,,,,,,
337,0.939422309,,,,,,
338,0.950215161,,,,,,
339,0.914651155,,,,,,
340,1.015293002,,,,,,
341,0.934847891,,,,,,
342,0.876936078,,,,,,
343,0.927639246,,,,,,
344,0.867005646,,,,,,
345,0.927660823,,,,,,
346,0.979120493,,,,,,
347,1.045758486,,,,,,
348,0.930072784,,,,,,
349,0.911452293,,,,,,
350,0.965938807,,,,,,
351,0.965726197,,,,,,
352,0.925932586,,,,,,
353,1.041728258,,,,,,
354,1.003157139,,,,,,
355,0.951429665,,,,,,
356,0.928234339,,,,,,
357,1.005172372,,,,,,
358,0.959008992,,,,,,
359,1.074929953,,,,,,
360,0.912342191,,,,,,
361,0.922911525,,,,,,
362,0.842201173,,,,,,
363,0.927358925,,,,,,
364,0.886371911,,,,,,
365,0.974069417,,,,,,
366,0.874660194,,,,,,
367,0.999552429,,,,,,
368,0.942612529,,,,,,
369,1.02581811,,,,,,
370,0.950954735,,,,,,
371,1.009735346,,,,,,
372,0.933733404,,,,,,
373,0.9484303,,,,,,
374,0.996137559,,,,,,
375,0.967218578,,,,,,
376,0.989732742,,,,,,
377,1.010718226,,,,,,
378,0.943288028,,,,,,
379,0.946181297,,,,,,
380,0.935016215,,,,,,
381,0.953684211,,,,,,
382,0.995395958,,,,,,
383,0.90887922,,,,,,
384,0.941182077,,,,,,
385,0.9116714,,,,,,
386,0.965267003,,,,,,
387,0.923939943,,,,,,
388,1.064576149,,,,,,
389,0.982988417,,,,,,
390,0.959239542,,,,,,
391,1.017084479,,,,,,
392,0.84386301,,,,,,
393,0.987387657,,,,,,
394,0.873898983,,,,,,
395,0.956316471,,,,,,
396,0.964338183,,,,,,
397,1.012903452,,,,,,
398,0.927024484,,,,,,
399,1.020499349,,,,,,
400,0.909562409,,,,,,
401,0.874331951,,,,,,
402,0.979789674,,,,,,
403,0.9633255,,,,,,
404,1.075860143,,,,,,
405,0.914951861,,,,,,
406,0.888786793,,,,,,
407,0.939058602,,,,,,
408,0.898029268,,,,,,
409,0.954965949,,,,,,
410,0.922253013,,,,,,
411,0.902077973,,,,,,
412,0.997855127,,,,,,
413,0.975726545,,,,,,
414,0.930481732,,,,,,
415,0.970675051,,,,,,
416,0.954380155,,,,,,
417,0.896140516,,,,,,
418,0.950367272,,,,,,
419,0.895569563,,,,,,
420,0.960609496,,,,,,
421,0.950674355,,,,,,
422,0.973994792,,,,,,
423,0.946695387,,,,,,
424,0.898218572,,,,,,
425,1.026611328,,,,,,
426,0.925807834,,,,,,
427,1.023379803,,,,,,
428,0.869510293,,,,,,
429,0.97741276,,,,,,
430,0.92489475,,,,,,
431,1.016407013,,,,,,
432,0.887615681,,,,,,
433,1.056020975,,,,,,
434,0.926599085,,,,,,
435,0.904724956,,,,,,
436,0.972673655,,,,,,
437,0.954796553,,,,,,
438,0.936739326,,,,,,
439,1.022949934,,,,,,
440,0.905673623,,,,,,
441,1.013614297,,,,,,
442,0.896600306,,,,,,
443,0.945377409,,,,,,
444,0.937846005,,,,,,
445,1.016061902,,,,,,
446,0.9437657,,,,,,
447,0.900997281,,,,,,
448,1.004793406,,,,,,
449,0.909906447,,,,,,
450,0.974315464,,,,,,
451,1.016067505,,,,,,
452,0.930165172,,,,,,
453,0.889564216,,,,,,
454,0.966530681,,,,,,
455,0.996212959,,,,,,
456,0.937077165,,,,,,
457,0.872947037,,,,,,
458,0.944274724,,,,,,
459,0.90630424,,,,,,
460,0.89360553,,,,,,
461,0.97443825,,,,,,
462,0.977239847,,,,,,
463,0.944670498,,,,,,
464,0.965287745,,,,,,
465,0.994309604,,,,,,
466,0.964511871,,,,,,
467,1.064332724,,,,,,
468,0.961957216,,,,,,
469,0.885271668,,,,,,
470,1.004946828,,,,,,
471,0.912021518,,,,,,
472,0.974344432,,,,,,
473,0.932323158,,,,,,
474,1.03908205,,,,,,
475,0.966142178,,,,,,
476,1.008976579,,,,,,
477,0.922287166,,,,,,
478,0.944521546,,,,,,
479,0.922866344,,,,,,
480,0.901470244,,,,,,
481,1.116015196,,,,,,
482,0.991704464,,,,,,
483,0.884585679,,,,,,
484,0.977058113,,,,,,
485,1.038549662,,,,,,
486,0.933098614,,,,,,
487,0.981310368,,,,,,
488,0.934851348,,,,,,
489,1.050980687,,,,,,
490,1.003417134,,,,,,
491,1.007451892,,,,,,
492,0.955554247,,,,,,
493,0.982599318,,,,,,
494,0.854018807,,,,,,
495,0.975816607,,,,,,
496,0.930624306,,,,,,
497,1.022074819,,,,,,
498,0.895994425,,,,,,
499,0.93013984,,,,,,
500,0.957799315,,,,,,
501,1.001873374,,,,,,
502,0.869404554,,,,,,
503,0.988884985,,,,,,
504,0.930482745,,,,,,
505,1.024950981,,,,,,
506,0.918406546,,,,,,
507,0.907229364,,,,,,
508,0.973249197,,,,,,
509,0.953758597,,,,,,
510,0.921818495,,,,,,
511,0.927443087,,,,,,
512,0.968568861,,,,,,
513,0.960884035,,,,,,
514,0.851283252,,,,,,
515,0.951631129,,,,,,
516,0.999424934,,,,,,
517,0.910446584,,,,,,
518,0.942901671,,,,,,
519,0.885744452,,,,,,
520,0.936488986,,,,,,
521,0.9790892,,,,,,
522,0.973734438,,,,,,
523,0.889732897,,,,,,
524,0.935013413,,,,,,
525,0.958035529,,,,,,
526,0.883065283,,,,,,
527,0.958933473,,,,,,
528,0.98239994,,,,,,
529,0.933982313,,,,,,
530,1.001838207,,,,,,
531,0.897642136,,,,,,
532,0.938131213,,,,,,
533,0.96423614,,,,,,
534,1.037239075,,,,,,
535,1.011019468,,,,,,
536,0.939957559,,,,,,
537,0.982724249,,,,,,
538,0.967166901,,,,,,
539,0.920426965,,,,,,
540,0.897783101,,,,,,
541,0.984705806,,,,,,
542,0.9434039,,,,,,
543,0.971649766,,,,,,
544,0.980948389,,,,,,
545,0.965737104,,,,,,
546,0.930047035,,,,,,
547,1.060095549,,,,,,
548,0.947574794,,,,,,
549,0.978052974,,,,,,
550,0.957957268,,,,,,
551,0.932052612,,,,,,
552,0.891991138,,,,,,
553,0.906739175,,,,,,
554,0.973103285,,,,,,
555,0.975328147,,,,,,
556,0.91490227,,,,,,
557,0.964174926,,,,,,
558,0.969352067,,,,,,
559,0.953132451,,,,,,
560,0.96239984,,,,,,
561,0.997181356,,,,,,
562,1.000099301,,,,,,
563,0.990020275,,,,,,
564,0.939163387,,,,,,
565,0.911961198,,,,,,
566,0.902778327,,,,,,
567,0.972523212,,,,,,
568,0.953223765,,,,,,
569,0.885814846,,,,,,
570,0.990397453,,,,,,
571,0.931490302,,,,,,
572,0.899286389,,,,,,
573,0.883802056,,,,,,
574,0.897987008,,,,,,
575,0.956672907,,,,,,
576,0.928071201,,,,,,
577,0.924325705,,,,,,
578,0.883461952,,,,,,
579,0.847925067,,,,,,
580,0.920432091,,,,,,
581,0.886546791,,,,,,
582,1.014266968,,,,,,
583,0.947711468,,,,,,
584,1.008060575,,,,,,
585,0.888116539,,,,,,
586,0.943665981,,,,,,
587,0.969921529,,,,,,
588,0.92996043,,,,,,
589,0.983119726,,,,,,
590,1.014411449,,,,,,
591,0.949358582,,,,,,
592,0.999088049,,,,,,
593,0.975997627,,,,,,
594,0.921343029,,,,,,
595,0.978436828,,,,,,
596,0.93702215,,,,,,
597,0.991782367,,,,,,
598,0.957009792,,,,,,
599,0.92080462,,,,,,
600,1.01228714,,,,,,
601,0.960972548,,,,,,
602,0.959447324,,,,,,
603,0.93947053,,,,,,
604,0.994695723,,,,,,
605,0.964405954,,,,,,
606,0.961642563,,,,,,
607,1.01592052,,,,,,
608,0.957288206,,,,,,
609,0.930250049,,,,,,
610,0.9297086,,,,,,
611,0.971983552,,,,,,
612,0.967793226,,,,,,
613,0.884059787,,,,,,
614,0.944950759,,,,,,
615,0.967845559,,,,,,
616,0.969289184,,,,,,
617,1.045202374,,,,,,
618,0.957728505,,,,,,
619,0.924138784,,,,,,
620,0.956074655,,,,,,
621,0.975475729,,,,,,
622,0.905258238,,,,,,
623,0.956960797,,,,,,
624,0.923429668,,,,,,
625,1.069408894,,,,,,
626,0.998396754,,,,,,
627,0.956958592,,,,,,
628,0.987801015,,,,,,
629,0.999525666,,,,,,
630,0.996524215,,,,,,
631,0.965291023,,,,,,
632,0.859632492,,,,,,
633,0.975996614,,,,,,
634,1.024126649,,,,,,
635,0.968507409,,,,,,
636,1.048383355,,,,,,
637,1.049849629,,,,,,
638,1.000071526,,,,,,
639,0.867140055,,,,,,
640,0.903236985,,,,,,
641,1.0206213,,,,,,
642,0.887652397,,,,,,
643,0.912324786,,,,,,
644,1.00354898,,,,,,
645,0.938251138,,,,,,
646,1.026238322,,,,,,
647,1.032027245,,,,,,
648,0.940747321,,,,,,
649,0.888282776,,,,,,
650,0.950181782,,,,,,
651,0.927533925,,,,,,
652,0.948111236,,,,,,
653,1.000712872,,,,,,
654,0.987596691,,,,,,
655,0.945031285,,,,,,
656,0.938277602,,,,,,
657,0.992991805,,,,,,
658,0.886519849,,,,,,
659,0.957895219,,,,,,
660,0.96811223,,,,,,
661,0.89596504,,,,,,
662,1.039557457,,,,,,
663,0.976986706,,,,,,
664,0.956806004,,,,,,
665,0.872633755,,,,,,
666,0.967909396,,,,,,
667,0.861221671,,,,,,
668,0.966610372,,,,,,
669,0.961317599,,,,,,
670,0.853703439,,,,,,
671,0.996188581,,,,,,
672,0.897395194,,,,,,
673,0.942805648,,,,,,
674,1.016651988,,,,,,
675,0.977362037,,,,,,
676,0.994547009,,,,,,
677,0.990989029,,,,,,
678,0.935112894,,,,,,
679,0.89313674,,,,,,
680,1.017794371,,,,,,
681,0.968094826,,,,,,
682,0.998451412,,,,,,
683,0.971194148,,,,,,
684,0.979448259,,,,,,
685,0.982009351,,,,,,
686,0.94170928,,,,,,
687,0.944244802,,,,,,
688,0.953737319,,,,,,
689,1.00217855,,,,,,
690,1.018074036,,,,,,
691,0.890999436,,,,,,
692,0.951386213,,,,,,
693,0.995077372,,,,,,
694,1.004615903,,,,,,
695,0.977681756,,,,,,
696,0.926000595,,,,,,
697,0.975358725,,,,,,
698,0.950389862,,,,,,
699,0.911474824,,,,,,
700,0.89629215,,,,,,
701,1.07365799,,,,,,
702,0.951330006,,,,,,
703,1.001941919,,,,,,
704,0.929932594,,,,,,
705,0.924534619,,,,,,
706,0.935360253,,,,,,
707,0.87936914,,,,,,
708,0.978994071,,,,,,
709,0.95841378,,,,,,
710,0.964530468,,,,,,
711,0.986937523,,,,,,
712,0.902067542,,,,,,
713,0.939129114,,,,,,
714,1.023399472,,,,,,
715,0.865676463,,,,,,
716,0.935311317,,,,,,
717,0.993292987,,,,,,
718,0.975339115,,,,,,
719,0.978173852,,,,,,
720,0.952763438,,,,,,
721,1.034309864,,,,,,
722,0.947682321,,,,,,
723,0.891534925,,,,,,
724,0.972711861,,,,,,
725,0.96156013,,,,,,
726,0.933959007,,,,,,
727,0.92945087,,,,,,
728,0.984434426,,,,,,
729,0.951001048,,,,,,
730,1.029710293,,,,,,
731,0.920113146,,,,,,
732,0.938677847,,,,,,
733,0.867906153,,,,,,
734,0.983181655,,,,,,
735,1.035892725,,,,,,
736,0.946584046,,,,,,
737,0.886998415,,,,,,
738,0.898253143,,,,,,
739,0.990347207,,,,,,
740,0.977289855,,,,,,
741,0.995961726,,,,,,
742,0.964805305,,,,,,
743,0.934207678,,,,,,
744,0.965279698,,,,,,
745,0.902285635,,,,,,
746,0.891814351,,,,,,
747,1.014886856,,,,,,
748,0.940750837,,,,,,
749,0.965954065,,,,,,
750,1.005625844,,,,,,
751,1.024564981,,,,,,
752,0.945479631,,,,,,
753,0.912255466,,,,,,
754,1.009828687,,,,,,
755,1.020258188,,,,,,
756,0.907628,,,,,,
757,0.984363019,,,,,,
758,1.019974589,,,,,,
759,0.96979177,,,,,,
760,0.955764174,,,,,,
761,0.879656434,,,,,,
762,1.041987658,,,,,,
763,0.9705351,,,,,,
764,0.932597876,,,,,,
765,0.960992932,,,,,,
766,0.969641209,,,,,,
767,0.989239514,,,,,,
768,0.888619006,,,,,,
769,0.934444189,,,,,,
770,0.959411144,,,,,,
771,1.011331916,,,,,,
772,0.985493898,,,,,,
773,1.043565035,,,,,,
774,0.909766376,,,,,,
775,0.957555234,,,,,,
776,0.940874338,,,,,,
777,0.975466847,,,,,,
778,1.036100507,,,,,,
779,0.957414508,,,,,,
780,0.942165077,,,,,,
781,0.928801119,,,,,,
782,0.968404174,,,,,,
783,0.889044762,,,,,,
784,0.947834313,,,,,,
785,0.95557934,,,,,,
786,0.918012977,,,,,,
787,0.946935356,,,,,,
788,0.892522991,,,,,,
789,0.972015917,,,,,,
790,0.889030099,,,,,,
791,1.00898993,,,,,,
792,0.982580364,,,,,,
793,0.957161546,,,,,,
794,0.919144213,,,,,,
795,0.997610152,,,,,,
796,0.953278899,,,,,,
797,1.012051821,,,,,,
798,0.89722079,,,,,,
799,0.974583983,,,,,,
800,0.923125625,,,,,,
801,0.914661348,,,,,,
802,0.981176019,,,,,,
803,0.934639692,,,,,,
804,0.941493988,,,,,,
805,0.923671365,,,,,,
806,0.891711056,,,,,,
807,0.957553804,,,,,,
808,1.023004889,,,,,,
809,0.916582227,,,,,,
810,0.904962063,,,,,,
811,0.997689843,,,,,,
812,0.860881984,,,,,,
813,1.03437376,,,,,,
814,0.995378256,,,,,,
815,0.943054557,,,,,,
816,0.94602108,,,,,,
817,0.965574026,,,,,,
818,1.005021572,,,,,,
819,0.904403865,,,,,,
820,0.995072067,,,,,,
821,0.983579993,,,,,,
822,0.993206501,,,,,,
823,0.950794876,,,,,,
824,0.868018806,,,,,,
825,0.907006919,,,,,,
826,0.827265561,,,,,,
827,0.917547047,,,,,,
828,0.940844595,,,,,,
829,0.990915596,,,,,,
830,0.951810002,,,,,,
831,0.919910312,,,,,,
832,1.032344818,,,,,,
833,0.986870646,,,,,,
834,0.929623008,,,,,,
835,0.949269056,,,,,,
836,0.97231096,,,,,,
837,0.990496159,,,,,,
838,0.977721632,,,,,,
839,0.964292228,,,,,,
840,0.880405724,,,,,,
841,0.911520183,,,,,,
842,0.910182059,,,,,,
843,0.868453979,,,,,,
844,0.957938731,,,,,,
845,0.961078107,,,,,,
846,0.955241799,,,,,,
847,1.039709091,,,,,,
848,0.915575147,,,,,,
849,0.960017979,,,,,,
850,0.897138715,,,,,,
851,0.992292881,,,,,,
852,1.018646002,,,,,,
853,1.005369186,,,,,,
854,1.008300424,,,,,,
855,0.934360623,,,,,,
856,0.938388348,,,,,,
857,0.924096763,,,,,,
858,1.023513436,,,,,,
859,0.935583889,,,,,,
860,0.958643913,,,,,,
861,0.886898279,,,,,,
862,0.993017554,,,,,,
863,0.977454066,,,,,,
864,0.934892535,,,,,,
865,0.947065532,,,,,,
866,0.973479629,,,,,,
867,0.891866207,,,,,,
868,0.956225097,,,,,,
869,1.017226338,,,,,,
870,0.940671086,,,,,,
871,0.996127427,,,,,,
872,0.93981427,,,,,,
873,0.957830191,,,,,,
874,0.979636133,,,,,,
875,0.922504485,,,,,,
876,0.98536247,,,,,,
877,0.929081142,,,,,,
878,0.854068637,,,,,,
879,0.866373301,,,,,,
880,0.880933106,,,,,,
881,0.878260672,,,,,,
882,0.934165895,,,,,,
883,0.957597196,,,,,,
884,0.964950681,,,,,,
885,0.984814048,,,,,,
886,0.986459374,,,,,,
887,0.926216483,,,,,,
888,0.878187656,,,,,,
889,0.90326339,,,,,,
890,0.924640715,,,,,,
891,0.884890914,,,,,,
892,0.945905924,,,,,,
893,0.992258787,,,,,,
894,0.901118875,,,,,,
895,0.890014172,,,,,,
896,0.936470211,,,,,,
897,0.923272312,,,,,,
898,0.957705259,,,,,,
899,0.961465716,,,,,,
900,0.995123565,,,,,,
901,0.924222589,,,,,,
902,0.884461999,,,,,,
903,1.012379408,,,,,,
904,0.956190109,,,,,,
905,1.001583576,,,,,,
906,0.95857358,,,,,,
907,1.026300192,,,,,,
908,0.980649292,,,,,,
909,0.938625276,,,,,,
910,0.998806775,,,,,,
911,0.960035145,,,,,,
912,0.964097559,,,,,,
913,0.992980838,,,,,,
914,1.030275226,,,,,,
915,0.899881482,,,,,,
916,0.942445278,,,,,,
917,0.974967301,,,,,,
918,0.952809572,,,,,,
919,0.953442335,,,,,,
920,1.000671744,,,,,,
921,0.962957203,,,,,,
922,0.955358922,,,,,,
923,0.965011299,,,,,,
924,0.892778575,,,,,,
925,0.952497602,,,,,,
926,0.960251033,,,,,,
927,0.946279824,,,,,,
928,0.927023053,,,,,,
929,0.850743115,,,,,,
930,0.92485857,,,,,,
931,0.995876312,,,,,,
932,0.974736035,,,,,,
933,0.915280282,,,,,,
934,1.003702164,,,,,,
935,1.091833949,,,,,,
936,0.974046469,,,,,,
937,0.993250549,,,,,,
938,1.037988186,,,,,,
939,1.009349704,,,,,,
940,0.914788604,,,,,,
941,0.919248521,,,,,,
942,1.088042617,,,,,,
943,0.988230824,,,,,,
944,1.083167911,,,,,,
945,0.977763295,,,,,,
946,0.954741538,,,,,,
947,0.931240678,,,,,,
948,0.904612839,,,,,,
949,0.974189341,,,,,,
950,0.958297968,,,,,,
951,1.068083763,,,,,,
952,0.979802132,,,,,,
953,0.918549359,,,,,,
954,0.967383385,,,,,,
955,0.942793787,,,,,,
956,0.958779275,,,,,,
957,0.990660667,,,,,,
958,0.931294799,,,,,,
959,0.924242377,,,,,,
960,0.935487747,,,,,,
961,0.927487552,,,,,,
962,0.885173261,,,,,,
963,0.951987982,,,,,,
964,0.952089965,,,,,,
965,0.93607688,,,,,,
966,0.976801097,,,,,,
967,0.965343714,,,,,,
968,0.903445601,,,,,,
969,0.965926588,,,,,,
970,0.946849763,,,,,,
971,0.983303428,,,,,,
972,0.879623413,,,,,,
973,0.894259989,,,,,,
974,0.955869317,,,,,,
975,0.936161637,,,,,,
976,0.912085235,,,,,,
977,0.950662971,,,,,,
978,1.001189351,,,,,,
979,1.006266832,,,,,,
980,1.056266546,,,,,,
981,0.982359469,,,,,,
982,1.012214899,,,,,,
983,0.916222453,,,,,,
984,0.923070014,,,,,,
985,0.953923941,,,,,,
986,0.904486239,,,,,,
987,0.984749377,,,,,,
988,1.027363062,,,,,,
989,0.929019153,,,,,,
990,0.995575249,,,,,,
991,0.935560167,,,,,,
992,0.922551036,,,,,,
993,0.993146539,,,,,,
994,0.91500479,,,,,,
995,0.874901831,,,,,,
996,1.006509423,,,,,,
997,0.9272542,,,,,,
998,1.012892127,,,,,,
999,0.939279377,,,,,,
1000,0.980073333,,,,,,
1001,1.029465556,,,,,,
1002,0.981810093,,,,,,
1003,1.013996124,,,,,,
1004,0.994627357,,,,,,
1005,0.983961225,,,,,,
1006,0.975291431,,,,,,
1007,0.909627616,,,,,,
1008,0.974651694,,,,,,
1009,0.912237465,,,,,,
1010,0.911425412,,,,,,
1011,0.94623518,,,,,,
1012,0.954088449,,,,,,
1013,0.930381358,,,,,,
1014,0.969738245,,,,,,
1015,0.980757415,,,,,,
1016,0.959075332,,,,,,
1017,1.022523165,,,,,,
1018,0.916917861,,,,,,
1019,1.013154149,,,,,,
1020,0.89889276,,,,,,
1021,0.982251644,,,,,,
1022,0.954141915,,,,,,
1023,1.012055635,,,,,,
1024,0.956129014,,,,,,
1025,0.977884531,,,,,,
1026,0.973065376,,,,,,
1027,0.9018116,,,,,,
1028,0.947194815,,,,,,
1029,0.965809822,,,,,,
1030,1.016583681,,,,,,
1031,0.956353426,,,,,,
1032,0.897207737,,,,,,
1033,0.979608893,,,,,,
1034,0.916843772,,,,,,
1035,0.999550879,,,,,,
1036,0.971239448,,,,,,
1037,0.910857975,,,,,,
1038,0.932212353,,,,,,
1039,0.96074158,,,,,,
1040,0.939702988,,,,,,
1041,0.972852826,,,,,,
1042,0.949050128,,,,,,
1043,0.972558022,,,,,,
1044,1.005867481,,,,,,
1045,1.023180962,,,,,,
1046,0.930917561,,,,,,
1047,0.957105637,,,,,,
1048,0.981408119,,,,,,
1049,0.95771867,,,,,,
1050,0.970837772,,,,,,
1051,0.898505509,,,,,,
1052,0.922464073,,,,,,
1053,0.97345835,,,,,,
1054,0.937371194,,,,,,
1055,0.970479071,,,,,,
1056,0.988547981,,,,,,
1057,0.948247373,,,,,,
1058,1.043780208,,,,,,
1059,0.957211852,,,,,,
1060,1.002708554,,,,,,
1061,0.99127692,,,,,,
1062,1.002514243,,,,,,
1063,1.027088761,,,,,,
1064,0.870880842,,,,,,
1065,0.973864317,,,,,,
1066,0.984241188,,,,,,
1067,0.972414136,,,,,,
1068,0.945117295,,,,,,
1069,0.979282498,,,,,,
1070,0.980576158,,,,,,
1071,0.905224323,,,,,,
1072,0.908474028,,,,,,
1073,0.891667426,,,,,,
1074,1.035103202,,,,,,
1075,0.91940552,,,,,,
1076,1.036671758,,,,,,
1077,0.936616004,,,,,,
1078,0.956268132,,,,,,
1079,0.916144729,,,,,,
1080,0.907593787,,,,,,
1081,0.97826916,,,,,,
1082,0.930190027,,,,,,
1083,0.9544698,,,,,,
1084,0.968938708,,,,,,
1085,0.909438908,,,,,,
1086,1.020215511,,,,,,
1087,0.931433201,,,,,,
1088,0.958520174,,,,,,
1089,1.041329622,,,,,,
1090,0.877770543,,,,,,
1091,0.974735975,,,,,,
1092,1.054420471,,,,,,
1093,0.918076873,,,,,,
1094,0.934720278,,,,,,
1095,0.911587656,,,,,,
1096,0.875542045,,,,,,
1097,0.963200152,,,,,,
1098,0.911659002,,,,,,
1099,0.928247333,,,,,,
1100,0.958395779,,,,,,
1101,0.941267908,,,,,,
1102,0.966775298,,,,,,
1103,0.928129017,,,,,,
1104,0.954853535,,,,,,
1105,1.004052639,,,,,,
1106,0.979226828,,,,,,
1107,0.929760754,,,,,,
1108,0.925600767,,,,,,
1109,0.891758502,,,,,,
1110,0.943473876,,,,,,
1111,0.995941758,,,,,,
1112,0.941968143,,,,,,
1113,0.918623149,,,,,,
1114,0.959356606,,,,,,
1115,0.943169475,,,,,,
1116,0.942977667,,,,,,
1117,0.953219712,,,,,,
1118,0.887969434,,,,,,
1119,0.973720431,,,,,,
1120,0.996321797,,,,,,
1121,1.039300919,,,,,,
1122,0.96243906,,,,,,
1123,0.960442781,,,,,,
1124,1.028039575,,,,,,
1125,0.882764578,,,,,,
1126,0.860821128,,,,,,
1127,0.9649207,,,,,,
1128,0.952551842,,,,,,
1129,0.975833297,,,,,,
1130,0.923130274,,,,,,
1131,1.032440662,,,,,,
1132,0.92523402,,,,,,
1133,0.956117213,,,,,,
1134,0.922035515,,,,,,
1135,0.929369211,,,,,,
1136,0.94550693,,,,,,
1137,0.948269486,,,,,,
1138,0.967814684,,,,,,
1139,1.002396226,,,,,,
1140,0.87290293,,,,,,
1141,0.912311256,,,,,,
1142,0.948954463,,,,,,
1143,0.982413113,,,,,,
1144,0.959000587,,,,,,
1145,0.939638615,,,,,,
1146,0.923610032,,,,,,
1147,0.950440049,,,,,,
1148,0.926676691,,,,,,
1149,1.090304971,,,,,,
1150,0.887062311,,,,,,
1151,0.942819715,,,,,,
1152,0.859155357,,,,,,
1153,1.024582028,,,,,,
1154,0.976112962,,,,,,
1155,1.010188341,,,,,,
1156,0.908511519,,,,,,
1157,1.012122273,,,,,,
1158,0.930842578,,,,,,
1159,0.926265955,,,,,,
1160,0.969605863,,,,,,
1161,0.992132664,,,,,,
1162,1.023969293,,,,,,
1163,0.882862329,,,,,,
1164,0.964151323,,,,,,
1165,1.009709358,,,,,,
1166,0.988199651,,,,,,
1167,0.948090136,,,,,,
1168,0.926751494,,,,,,
1169,0.93946594,,,,,,
1170,0.928855717,,,,,,
1171,0.959762335,,,,,,
1172,0.900073647,,,,,,
1173,0.929748952,,,,,,
1174,1.010247827,,,,,,
1175,0.880478203,,,,,,
1176,0.977443635,,,,,,
1177,0.925368547,,,,,,
1178,1.031870127,,,,,,
1179,0.909128308,,,,,,
1180,0.952792585,,,,,,
1181,0.992258787,,,,,,
1182,0.984039962,,,,,,
1183,0.920600951,,,,,,
1184,0.942656577,,,,,,
1185,0.989471734,,,,,,
1186,1.057546377,,,,,,
1187,0.910328269,,,,,,
1188,1.00901711,,,,,,
1189,0.92614603,,,,,,
1190,0.966980875,,,,,,
1191,0.999351859,,,,,,
1192,0.999355197,,,,,,
1193,0.861216843,,,,,,
1194,1.006680846,,,,,,
1195,0.937565565,,,,,,
1196,0.934113562,,,,,,
1197,0.958934188,,,,,,
1198,1.03456831,,,,,,
1199,0.963675499,,,,,,
1200,0.925233483,,,,,,
1201,0.937071979,,,,,,
1202,0.977912545,,,,,,
1203,0.881350756,,,,,,
1204,0.95224613,,,,,,
1205,0.92108053,,,,,,
1206,0.979424119,,,,,,
1207,0.956539571,,,,,,
1208,0.941361308,,,,,,
1209,0.982005715,,,,,,
1210,0.963987172,,,,,,
1211,0.95449847,,,,,,
1212,0.951906919,,,,,,
1213,1.058016896,,,,,,
1214,0.977241874,,,,,,
1215,1.008916378,,,,,,
1216,0.925575614,,,,,,
1217,0.985790014,,,,,,
1218,0.954517543,,,,,,
1219,0.969655812,,,,,,
1220,0.932297766,,,,,,
1221,0.953317165,,,,,,
1222,0.946845591,,,,,,
1223,0.937891364,,,,,,
1224,0.850272775,,,,,,
1225,0.988957763,,,,,,
1226,0.965311229,,,,,,
1227,0.968887985,,,,,,
1228,0.951278806,,,,,,
1229,0.953189015,,,,,,
1230,0.849695027,,,,,,
1231,0.971475482,,,,,,
1232,0.894166172,,,,,,
1233,0.977197051,,,,,,
1234,0.971448481,,,,,,
1235,0.921811938,,,,,,
1236,1.003833771,,,,,,
1237,0.999316812,,,,,,
1238,0.855203569,,,,,,
1239,1.003685474,,,,,,
1240,0.923917949,,,,,,
1241,0.910072505,,,,,,
1242,0.994236171,,,,,,
1243,1.010093927,,,,,,
1244,0.913630664,,,,,,
1245,0.944514036,,,,,,
1246,0.953675389,,,,,,
1247,0.986824989,,,,,,
1248,1.062767148,,,,,,
1249,0.889998138,,,,,,
1250,0.937794089,,,,,,
1251,0.921432137,,,,,,
1252,0.967804253,,,,,,
1253,1.052680612,,,,,,
1254,0.922763169,,,,,,
1255,0.928648055,,,,,,
1256,0.980728924,,,,,,
1257,1.017803431,,,,,,
1258,0.938301325,,,,,,
1259,0.893361807,,,,,,
1260,0.955218554,,,,,,
1261,0.882203698,,,,,,
1262,0.887791872,,,,,,
1263,0.976263821,,,,,,
1264,0.858684242,,,,,,
1265,0.965565741,,,,,,
1266,1.007365704,,,,,,
1267,0.902320981,,,,,,
1268,0.951658189,,,,,,
1269,0.994478762,,,,,,
1270,0.808835864,,,,,,
1271,0.944415569,,,,,,
1272,0.856202543,,,,,,
1273,0.885082066,,,,,,
1274,0.954604268,,,,,,
1275,0.965768397,,,,,,
1276,0.988087177,,,,,,
1277,0.946057737,,,,,,
1278,0.963306725,,,,,,
1279,0.994614601,,,,,,
1280,0.887910724,,,,,,
1281,0.95640105,,,,,,
1282,0.922705114,,,,,,
1283,0.971947193,,,,,,
1284,0.978904665,,,,,,
1285,0.882472515,,,,,,
1286,0.896871328,,,,,,
1287,0.973035991,,,,,,
1288,0.905658901,,,,,,
1289,0.965208113,,,,,,
1290,0.922289908,,,,,,
1291,1.009858251,,,,,,
1292,0.892824411,,,,,,
1293,0.916808069,,,,,,
1294,0.994578421,,,,,,
1295,0.856898487,,,,,,
1296,0.904246509,,,,,,
1297,0.906368434,,,,,,
1298,0.982670188,,,,,,
1299,1.032709599,,,,,,
1300,0.979421139,,,,,,
1301,0.892188072,,,,,,
1302,0.941930473,,,,,,
1303,0.889285088,,,,,,
1304,0.953199029,,,,,,
1305,0.974178612,,,,,,
1306,1.010185838,,,,,,
1307,0.993311942,,,,,,
1308,0.943501353,,,,,,
1309,1.0576998,,,,,,
1310,0.919619083,,,,,,
1311,0.97731638,,,,,,
1312,0.976851106,,,,,,
1313,0.990370035,,,,,,
1314,0.995153725,,,,,,
1315,0.999803185,,,,,,
1316,1.00766027,,,,,,
1317,0.927768767,,,,,,
1318,0.99289155,,,,,,
1319,0.908369303,,,,,,
1320,0.958744347,,,,,,
1321,0.95435524,,,,,,
1322,1.013680339,,,,,,
1323,0.993566751,,,,,,
1324,0.979253888,,,,,,
1325,0.956201375,,,,,,
1326,0.990130723,,,,,,
1327,1.042033076,,,,,,
1328,0.966876209,,,,,,
1329,1.001734972,,,,,,
1330,1.008128166,,,,,,
1331,0.947816432,,,,,,
1332,0.978510916,,,,,,
1333,1.011711955,,,,,,
1334,0.964904726,,,,,,
1335,0.9914217,,,,,,
1336,0.950770497,,,,,,
1337,0.862569928,,,,,,
1338,0.898762465,,,,,,
1339,1.001392722,,,,,,
1340,0.977009177,,,,,,
1341,0.969967306,,,,,,
1342,0.955672979,,,,,,
1343,1.08291328,,,,,,
1344,0.986540496,,,,,,
1345,0.90788722,,,,,,
1346,1.002342939,,,,,,
1347,1.103658557,,,,,,
1348,0.951412976,,,,,,
1349,0.978653252,,,,,,
1350,0.991012752,,,,,,
1351,0.966119528,,,,,,
1352,0.9900617,,,,,,
1353,1.000566125,,,,,,
1354,0.929517925,,,,,,
1355,0.919683456,,,,,,
1356,0.935946524,,,,,,
1357,0.911894262,,,,,,
1358,0.96975261,,,,,,
1359,0.878287673,,,,,,
1360,0.850418091,,,,,,
1361,0.96066308,,,,,,
1362,1.022091627,,,,,,
1363,0.932530582,,,,,,
1364,0.920351505,,,,,,
1365,1.003809571,,,,,,
1366,0.942555368,,,,,,
1367,0.851735473,,,,,,
1368,0.881981432,,,,,,
1369,0.970225215,,,,,,
1370,0.936594725,,,,,,
1371,0.936912358,,,,,,
1372,0.977933526,,,,,,
1373,0.943866611,,,,,,
1374,0.994168043,,,,,,
1375,0.941113889,,,,,,
1376,0.949923873,,,,,,
1377,0.975017965,,,,,,
1378,0.997153699,,,,,,
1379,0.9359411,,,,,,
1380,0.98093015,,,,,,
1381,0.945811987,,,,,,
1382,0.916904986,,,,,,
1383,0.942818344,,,,,,
1384,0.979577959,,,,,,
1385,0.937392235,,,,,,
1386,0.916102707,,,,,,
1387,1.025252819,,,,,,
1388,0.926263511,,,,,,
1389,0.881443083,,,,,,
1390,1.013145208,,,,,,
1391,0.937830806,,,,,,
1392,0.958759725,,,,,,
1393,0.99499172,,,,,,
1394,0.933050573,,,,,,
1395,0.964739859,,,,,,
1396,0.965469599,,,,,,
1397,0.920065999,,,,,,
1398,0.873151839,,,,,,
1399,0.929468274,,,,,,
1400,0.913509846,,,,,,
1401,0.959032297,,,,,,
1402,0.953671396,,,,,,
1403,0.972634792,,,,,,
1404,0.976359248,,,,,,
1405,0.921368539,,,,,,
1406,0.936086833,,,,,,
1407,1.01873076,,,,,,
1408,0.977074206,,,,,,
1409,0.983926654,,,,,,
1410,0.965663016,,,,,,
1411,0.967768192,,,,,,
1412,0.921141148,,,,,,
1413,0.964147747,,,,,,
1414,0.913223028,,,,,,
1415,0.94192642,,,,,,
1416,0.997348785,,,,,,
1417,0.955204904,,,,,,
1418,0.923962474,,,,,,
1419,0.871788919,,,,,,
1420,1.063560128,,,,,,
1421,0.927294374,,,,,,
1422,0.943725407,,,,,,
1423,0.948453903,,,,,,
1424,0.940030932,,,,,,
1425,0.96146822,,,,,,
1426,0.856089711,,,,,,
1427,1.008141279,,,,,,
1428,0.905880988,,,,,,
1429,0.993459642,,,,,,
1430,0.906569958,,,,,,
1431,0.961277187,,,,,,
1432,0.941781044,,,,,,
1433,0.922789335,,,,,,
1434,0.937576234,,,,,,
1435,0.954575956,,,,,,
1436,0.934182107,,,,,,
1437,0.959687233,,,,,,
1438,0.917214513,,,,,,
1439,0.974465728,,,,,,
1440,0.930543184,,,,,,
1441,0.985248625,,,,,,
1442,0.913395762,,,,,,
1443,0.910407901,,,,,,
1444,0.96786803,,,,,,
1445,1.06035912,,,,,,
1446,0.990367055,,,,,,
1447,0.915437281,,,,,,
1448,0.902386248,,,,,,
1449,0.847417295,,,,,,
1450,0.880075037,,,,,,
1451,0.912360728,,,,,,
1452,0.912706614,,,,,,
1453,0.930475593,,,,,,
1454,0.962949336,,,,,,
1455,0.995494127,,,,,,
1456,0.988057077,,,,,,
1457,0.923887551,,,,,,
1458,0.893762171,,,,,,
1459,0.944420755,,,,,,
1460,0.959339559,,,,,,
1461,0.971511185,,,,,,
1462,0.984064758,,,,,,
1463,0.955889225,,,,,,
1464,0.955161095,,,,,,
1465,0.991371155,,,,,,
1466,0.85371691,,,,,,
1467,0.913086116,,,,,,
1468,1.00360024,,,,,,
1469,0.861253977,,,,,,
1470,0.9824422,,,,,,
1471,0.925271869,,,,,,
1472,1.010011792,,,,,,
1473,0.919118226,,,,,,
1474,0.978985608,,,,,,
1475,0.913942993,,,,,,
1476,0.933809876,,,,,,
1477,0.993855476,,,,,,
1478,0.978969872,,,,,,
1479,0.959014177,,,,,,
1480,0.99251461,,,,,,
1481,0.914762199,,,,,,
1482,0.96179378,,,,,,
1483,1.006955624,,,,,,
1484,0.899091184,,,,,,
1485,0.900456727,,,,,,
1486,0.933143556,,,,,,
1487,1.077910066,,,,,,
1488,0.931512296,,,,,,
1489,0.966040134,,,,,,
1490,0.954710662,,,,,,
1491,0.91920644,,,,,,
1492,0.95898968,,,,,,
1493,0.897410393,,,,,,
1494,0.936664641,,,,,,
1495,0.981202722,,,,,,
1496,0.990589261,,,,,,
1497,0.898851097,,,,,,
1498,0.906639934,,,,,,
1499,0.921775579,,,,,,
1500,1.027706981,,,,,,
1501,1.014771819,,,,,,
1502,0.884546578,,,,,,
1503,0.906154513,,,,,,
1504,0.954642117,,,,,,
1505,0.977708519,,,,,,
1506,1.028126001,,,,,,
1507,0.988659322,,,,,,
1508,0.96686101,,,,,,
1509,0.915307045,,,,,,
1510,1.026410341,,,,,,
1511,0.952153146,,,,,,
1512,0.921413898,,,,,,
1513,0.9202075,,,,,,
1514,0.99434793,,,,,,
1515,0.974889338,,,,,,
1516,1.039431214,,,,,,
1517,0.953399062,,,,,,
1518,0.979910493,,,,,,
1519,0.925808847,,,,,,
1520,0.905791461,,,,,,
1521,0.986707568,,,,,,
1522,0.995382249,,,,,,
1523,0.951537132,,,,,,
1524,0.945933938,,,,,,
1525,0.896781266,,,,,,
1526,0.94491756,,,,,,
1527,0.940772116,,,,,,
1528,0.917529702,,,,,,
1529,0.967673779,,,,,,
1530,0.980610251,,,,,,
1531,0.99455291,,,,,,
1532,0.968766987,,,,,,
1533,0.907108724,,,,,,
1534,0.972328186,,,,,,
1535,0.95880717,,,,,,
1536,0.950348914,,,,,,
1537,0.941851497,,,,,,
1538,0.902105808,,,,,,
1539,0.939220548,,,,,,
1540,0.986306131,,,,,,
1541,0.942834675,,,,,,
1542,1.026531696,,,,,,
1543,0.984038532,,,,,,
1544,0.965513289,,,,,,
1545,0.95173955,,,,,,
1546,0.993744254,,,,,,
1547,0.876322985,,,,,,
1548,0.989141941,,,,,,
1549,0.952905357,,,,,,
1550,0.967891693,,,,,,
1551,0.983746529,,,,,,
1552,0.98008734,,,,,,
1553,0.91593945,,,,,,
1554,0.992909968,,,,,,
1555,0.899869382,,,,,,
1556,0.959358454,,,,,,
1557,0.962076068,,,,,,
1558,1.000992894,,,,,,
1559,0.895071089,,,,,,
1560,0.919838369,,,,,,
1561,1.012768626,,,,,,
1562,0.928043485,,,,,,
1563,1.010932446,,,,,,
1564,0.981432855,,,,,,
1565,1.012735724,,,,,,
1566,1.002337575,,,,,,
1567,0.944987297,,,,,,
1568,0.951706946,,,,,,
1569,0.949140072,,,,,,
1570,0.878200948,,,,,,
1571,1.015842438,,,,,,
1572,0.945224106,,,,,,
1573,0.944138527,,,,,,
1574,0.907212317,,,,,,
1575,0.888070107,,,,,,
1576,0.946301818,,,,,,
1577,1.030204177,,,,,,
1578,0.900372446,,,,,,
1579,1.020533442,,,,,,
1580,0.96404916,,,,,,
1581,1.02481544,,,,,,
1582,0.918786228,,,,,,
1583,0.878846824,,,,,,
1584,1.017678142,,,,,,
1585,0.955567181,,,,,,
1586,0.989746213,,,,,,
1587,0.900370538,,,,,,
1588,0.960033953,,,,,,
1589,0.981675744,,,,,,
1590,0.894031465,,,,,,
1591,0.9936921,,,,,,
1592,0.925672352,,,,,,
1593,0.945858836,,,,,,
1594,0.985640168,,,,,,
1595,0.982466996,,,,,,
1596,0.855571687,,,,,,
1597,0.939337432,,,,,,
1598,0.930732727,,,,,,
1599,0.959425986,,,,,,
1600,0.979412556,,,,,,
1601,0.854330361,,,,,,
1602,0.93545258,,,,,,
1603,0.919363201,,,,,,
1604,0.996980846,,,,,,
1605,0.942094505,,,,,,
1606,0.969417572,,,,,,
1607,0.93199414,,,,,,
1608,0.932342708,,,,,,
1609,0.904651642,,,,,,
1610,0.918951094,,,,,,
1611,1.018273234,,,,,,
1612,0.940749049,,,,,,
1613,0.978892565,,,,,,
1614,0.986698091,,,,,,
1615,0.950936317,,,,,,
1616,0.931645095,,,,,,
1617,0.99422431,,,,,,
1618,0.998060107,,,,,,
1619,0.925303459,,,,,,
1620,0.957277298,,,,,,
1621,0.936061323,,,,,,
1622,0.947405577,,,,,,
1623,0.868979216,,,,,,
1624,0.994087994,,,,,,
1625,0.915291905,,,,,,
1626,0.877448916,,,,,,
1627,0.938627958,,,,,,
1628,0.973293066,,,,,,
1629,0.953543246,,,,,,
1630,0.968029559,,,,,,
1631,0.934062958,,,,,,
1632,0.968457103,,,,,,
1633,1.003432035,,,,,,
1634,0.957392693,,,,,,
1635,0.979311883,,,,,,
1636,1.060681462,,,,,,
1637,1.015024066,,,,,,
1638,0.901823044,,,,,,
1639,0.905968606,,,,,,
1640,0.938716471,,,,,,
1641,0.96661526,,,,,,
1642,0.90917325,,,,,,
1643,0.958446145,,,,,,
1644,0.887547016,,,,,,
1645,0.988498271,,,,,,
1646,0.953027248,,,,,,
1647,0.935815394,,,,,,
1648,0.949882746,,,,,,
1649,0.98959142,,,,,,
1650,0.949240506,,,,,,
1651,0.95329988,,,,,,
1652,0.983281553,,,,,,
1653,0.966901362,,,,,,
1654,0.923917115,,,,,,
1655,0.927777946,,,,,,
1656,0.977619529,,,,,,
1657,0.979849815,,,,,,
1658,0.901544929,,,,,,
1659,0.996318758,,,,,,
1660,0.943852127,,,,,,
1661,0.926388144,,,,,,
1662,0.980448186,,,,,,
1663,0.981827676,,,,,,
1664,0.94470793,,,,,,
1665,0.972723126,,,,,,
1666,0.979527533,,,,,,
1667,0.922582686,,,,,,
1668,0.975834072,,,,,,
1669,1.009111762,,,,,,
1670,0.994022429,,,,,,
1671,0.959564865,,,,,,
1672,1.021000743,,,,,,
1673,1.010703325,,,,,,
1674,0.925006151,,,,,,
1675,0.983041465,,,,,,
1676,0.924244285,,,,,,
1677,0.94062084,,,,,,
1678,1.008622169,,,,,,
1679,0.958316505,,,,,,
1680,0.980690956,,,,,,
1681,0.958834767,,,,,,
1682,0.962234259,,,,,,
1683,0.933511496,,,,,,
1684,1.003037453,,,,,,
1685,0.956000984,,,,,,
1686,1.022591233,,,,,,
1687,0.953258514,,,,,,
1688,0.898404598,,,,,,
1689,0.939831376,,,,,,
1690,0.974612296,,,,,,
1691,0.958893239,,,,,,
1692,1.017290831,,,,,,
1693,0.91500324,,,,,,
1694,1.029461145,,,,,,
1695,0.934026301,,,,,,
1696,0.914037943,,,,,,
1697,0.966357291,,,,,,
1698,0.934928238,,,,,,
1699,0.997754455,,,,,,
1700,0.970449746,,,,,,
1701,0.926916361,,,,,,
1702,0.949916184,,,,,,
1703,0.910770237,,,,,,
1704,0.993725002,,,,,,
1705,0.967348158,,,,,,
1706,0.967040002,,,,,,
1707,1.015844345,,,,,,
1708,0.899010301,,,,,,
1709,0.999028683,,,,,,
1710,0.95587647,,,,,,
1711,0.807047129,,,,,,
1712,0.990578771,,,,,,
1713,0.884190977,,,,,,
1714,0.894318998,,,,,,
1715,0.95932889,,,,,,
1716,0.940682292,,,,,,
1717,0.916679978,,,,,,
1718,0.995145977,,,,,,
1719,0.922073007,,,,,,
1720,0.824348688,,,,,,
1721,0.944722652,,,,,,
1722,0.957075834,,,,,,
1723,0.96665597,,,,,,
1724,0.949305952,,,,,,
1725,0.901948035,,,,,,
1726,0.978431106,,,,,,
1727,0.957306087,,,,,,
1728,0.990087569,,,,,,
1729,0.975971699,,,,,,
1730,0.941339135,,,,,,
1731,0.939587712,,,,,,
1732,1.056393385,,,,,,
1733,1.03371191,,,,,,
1734,0.935662448,,,,,,
1735,0.940410972,,,,,,
1736,0.963229597,,,,,,
1737,0.855319381,,,,,,
1738,1.037714005,,,,,,
1739,0.950883925,,,,,,
1740,1.001876831,,,,,,
1741,0.909554183,,,,,,
1742,0.923286736,,,,,,
1743,0.978943825,,,,,,
1744,0.992962837,,,,,,
1745,0.984815955,,,,,,
1746,0.893527985,,,,,,
1747,0.969276011,,,,,,
1748,0.912033021,,,,,,
1749,0.940748394,,,,,,
1750,0.93247509,,,,,,
1751,0.924701512,,,,,,
1752,0.91411978,,,,,,
1753,1.023538351,,,,,,
1754,0.954949677,,,,,,
1755,0.819688082,,,,,,
1756,0.933420777,,,,,,
1757,0.926179707,,,,,,
1758,0.977460146,,,,,,
1759,0.914034903,,,,,,
1760,0.968215704,,,,,,
1761,1.019421697,,,,,,
1762,0.963314533,,,,,,
1763,0.98007977,,,,,,
1764,0.998007834,,,,,,
1765,0.921808958,,,,,,
1766,0.847043872,,,,,,
1767,0.917262256,,,,,,
1768,0.925253272,,,,,,
1769,0.934919536,,,,,,
1770,0.925607383,,,,,,
1771,0.949775159,,,,,,
1772,0.92442745,,,,,,
1773,0.890728891,,,,,,
1774,0.904676199,,,,,,
1775,0.926784635,,,,,,
1776,0.959881842,,,,,,
1777,0.919955432,,,,,,
1778,0.887305319,,,,,,
1779,0.978214145,,,,,,
1780,1.016103983,,,,,,
1781,0.974612713,,,,,,
1782,0.987780571,,,,,,
1783,0.96824652,,,,,,
1784,0.938266993,,,,,,
1785,0.887323081,,,,,,
1786,0.982081532,,,,,,
1787,1.009128332,,,,,,
1788,0.989147604,,,,,,
1789,1.011811376,,,,,,
1790,0.93675977,,,,,,
1791,0.973817587,,,,,,
1792,0.987033188,,,,,,
1793,0.966449857,,,,,,
1794,0.986706793,,,,,,
1795,0.940351844,,,,,,
1796,0.961579382,,,,,,
1797,1.017571568,,,,,,
1798,0.916891277,,,,,,
1799,0.949729979,,,,,,
1800,0.966143191,,,,,,
1801,0.945514143,,,,,,
1802,0.862607598,,,,,,
1803,0.974791944,,,,,,
1804,0.948329747,,,,,,
1805,0.927626133,,,,,,
1806,0.927206337,,,,,,
1807,0.951353014,,,,,,
1808,0.999598563,,,,,,
1809,0.933219671,,,,,,
1810,0.987368643,,,,,,
1811,0.97788614,,,,,,
1812,0.85983783,,,,,,
1813,0.900016069,,,,,,
1814,0.942427635,,,,,,
1815,0.940169275,,,,,,
1816,0.934539974,,,,,,
1817,0.987754643,,,,,,
1818,1.031572342,,,,,,
1819,0.915873349,,,,,,
1820,0.913434565,,,,,,
1821,0.936703265,,,,,,
1822,0.964174509,,,,,,
1823,0.994217753,,,,,,
1824,0.89195466,,,,,,
1825,1.019465685,,,,,,
1826,0.982515156,,,,,,
1827,0.98487252,,,,,,
1828,0.941903889,,,,,,
1829,0.985686362,,,,,,
1830,0.947192907,,,,,,
1831,1.02276957,,,,,,
1832,0.944046259,,,,,,
1833,0.950733066,,,,,,
1834,0.948671758,,,,,,
1835,0.98085618,,,,,,
1836,0.999092102,,,,,,
1837,0.913275957,,,,,,
1838,0.909859657,,,,,,
1839,0.89596957,,,,,,
1840,0.990160704,,,,,,
1841,0.995535314,,,,,,
1842,0.925328314,,,,,,
1843,1.033149719,,,,,,
1844,0.911219001,,,,,,
1845,0.910312116,,,,,,
1846,0.992302716,,,,,,
1847,0.982245386,,,,,,
1848,1.001569271,,,,,,
1849,0.910631001,,,,,,
1850,0.876267076,,,,,,
1851,0.957090855,,,,,,
1852,0.932316542,,,,,,
1853,0.957260251,,,,,,
1854,0.927796602,,,,,,
1855,0.92810142,,,,,,
1856,1.005046964,,,,,,
1857,0.922453463,,,,,,
1858,0.979538321,,,,,,
1859,0.86656332,,,,,,
1860,0.975657463,,,,,,
1861,0.94187808,,,,,,
1862,0.955861509,,,,,,
1863,0.92186451,,,,,,
1864,0.889842749,,,,,,
1865,1.02795434,,,,,,
1866,0.965380669,,,,,,
1867,0.926383734,,,,,,
1868,0.953129947,,,,,,
1869,0.977484047,,,,,,
1870,0.908204973,,,,,,
1871,0.980356812,,,,,,
1872,0.978678882,,,,,,
1873,0.934266329,,,,,,
1874,0.947909713,,,,,,
1875,0.969928443,,,,,,
1876,0.886020541,,,,,,
1877,0.973517537,,,,,,
1878,0.970733762,,,,,,
1879,0.969430804,,,,,,
1880,0.979620397,,,,,,
1881,0.898337007,,,,,,
1882,0.993064106,,,,,,
1883,0.98709166,,,,,,
1884,1.014636397,,,,,,
1885,0.902611494,,,,,,
1886,0.993879378,,,,,,
1887,0.966002882,,,,,,
1888,0.944903255,,,,,,
1889,0.904309571,,,,,,
1890,0.925116301,,,,,,
1891,0.939892828,,,,,,
1892,0.991241872,,,,,,
1893,0.897595286,,,,,,
1894,0.966253519,,,,,,
1895,0.957592964,,,,,,
1896,0.951609015,,,,,,
1897,0.93851763,,,,,,
1898,0.994213402,,,,,,
1899,0.964651644,,,,,,
1900,0.938624084,,,,,,
1901,0.903751016,,,,,,
1902,0.897152603,,,,,,
1903,0.943939328,,,,,,
1904,1.062387466,,,,,,
1905,0.944657862,,,,,,
1906,0.963551819,,,,,,
1907,0.998247087,,,,,,
1908,0.907815993,,,,,,
1909,0.958237231,,,,,,
1910,0.950438321,,,,,,
1911,0.962751031,,,,,,
1912,1.014569044,,,,,,
1913,0.930560827,,,,,,
1914,0.993350983,,,,,,
1915,0.951887012,,,,,,
1916,0.93053925,,,,,,
1917,0.953025818,,,,,,
1918,1.015741348,,,,,,
1919,0.963387668,,,,,,
1920,0.937853754,,,,,,
1921,0.95932138,,,,,,
1922,0.920664072,,,,,,
1923,1.013577223,,,,,,
1924,0.902299941,,,,,,
1925,1.019103289,,,,,,
1926,0.959658265,,,,,,
1927,0.96525234,,,,,,
1928,0.996156693,,,,,,
1929,0.980546951,,,,,,
1930,0.977126241,,,,,,
1931,0.991085112,,,,,,
1932,0.984488904,,,,,,
1933,0.975893021,,,,,,
1934,0.968006432,,,,,,
1935,0.9563182,,,,,,
1936,1.011859655,,,,,,
1937,0.885112762,,,,,,
1938,0.894579232,,,,,,
1939,0.931264818,,,,,,
1940,0.939716816,,,,,,
1941,0.991022468,,,,,,
1942,0.957426488,,,,,,
1943,0.951028347,,,,,,
1944,0.906309307,,,,,,
1945,0.928117514,,,,,,
1946,0.929800808,,,,,,
1947,0.955527723,,,,,,
1948,0.86728245,,,,,,
1949,1.002822876,,,,,,
1950,0.975613236,,,,,,
1951,0.961712062,,,,,,
1952,0.926259696,,,,,,
1953,1.021296144,,,,,,
1954,1.01757431,,,,,,
1955,1.038349152,,,,,,
1956,1.033356667,,,,,,
1957,0.797538638,,,,,,
1958,0.968893111,,,,,,
1959,0.940196753,,,,,,
1960,0.962353885,,,,,,
1961,0.916659951,,,,,,
1962,0.898342252,,,,,,
1963,0.976041913,,,,,,
1964,0.900459409,,,,,,
1965,0.968913317,,,,,,
1966,0.911594331,,,,,,
1967,1.031555891,,,,,,
1968,0.945896208,,,,,,
1969,0.910934091,,,,,,
1970,0.921035528,,,,,,
1971,0.986741066,,,,,,
1972,0.942544937,,,,,,
1973,0.938541651,,,,,,
1974,0.924852073,,,,,,
1975,1.020924568,,,,,,
1976,0.934538424,,,,,,
1977,0.931183457,,,,,,
1978,0.935910285,,,,,,
1979,0.924274385,,,,,,
1980,0.817099571,,,,,,
1981,0.979948223,,,,,,
1982,0.967848361,,,,,,
1983,0.918437898,,,,,,
1984,0.962433398,,,,,,
1985,0.920455277,,,,,,
1986,0.91498214,,,,,,
1987,0.942351758,,,,,,
1988,0.993504047,,,,,,
1989,0.986563921,,,,,,
1990,0.910756469,,,,,,
1991,0.946278691,,,,,,
1992,0.989816785,,,,,,
1993,1.008776784,,,,,,
1994,1.033068895,,,,,,
1995,1.031675816,,,,,,
1996,0.964945793,,,,,,
1997,1.035412312,,,,,,
1998,0.959560692,,,,,,
1999,1.001594543,,,,,,
2000,0.966753244,,,,,,
2001,0.94675827,,,,,,
2002,0.880983114,,,,,,
2003,0.917084455,,,,,,
2004,0.97529763,,,,,,
2005,0.855519831,,,,,,
2006,0.921758711,,,,,,
2007,1.009772301,,,,,,
2008,0.926285505,,,,,,
2009,0.933460295,,,,,,
2010,0.948072672,,,,,,
2011,0.97466439,,,,,,
2012,0.934616923,,,,,,
2013,0.896695733,,,,,,
2014,1.011840224,,,,,,
2015,0.93934381,,,,,,
2016,0.948951364,,,,,,
2017,0.980589092,,,,,,
2018,0.914951742,,,,,,
2019,0.982483745,,,,,,
2020,0.928396404,,,,,,
2021,0.957064927,,,,,,
2022,0.913900197,,,,,,
2023,0.864631891,,,,,,
2024,0.927497208,,,,,,
2025,0.855973601,,,,,,
2026,0.973986268,,,,,,
2027,0.990944505,,,,,,
2028,0.960148871,,,,,,
2029,0.890079677,,,,,,
2030,1.024019361,,,,,,
2031,0.944686592,,,,,,
2032,0.865865707,,,,,,
2033,1.107362747,,,,,,
2034,0.833631098,,,,,,
2035,0.939119875,,,,,,
2036,0.9667449,,,,,,
2037,0.929723322,,,,,,
2038,0.939474463,,,,,,
2039,0.981217027,,,,,,
2040,0.941965103,,,,,,
2041,0.971144557,,,,,,
2042,1.011090398,,,,,,
2043,0.893427432,,,,,,
2044,0.939190745,,,,,,
2045,0.991828322,,,,,,
2046,0.97606957,,,,,,
2047,0.942281365,,,,,,
2048,1.070762157,,,,,,
2049,0.988184631,,,,,,
2050,0.984596312,,,,,,
2051,0.953996658,,,,,,
2052,0.941045582,,,,,,
2053,0.970342278,,,,,,
2054,0.970398605,,,,,,
2055,0.953600585,,,,,,
2056,0.986421227,,,,,,
2057,0.96971792,,,,,,
2058,0.903052211,,,,,,
2059,0.947511613,,,,,,
2060,0.926913977,,,,,,
2061,0.955244839,,,,,,
2062,0.863828599,,,,,,
2063,0.974144459,,,,,,
2064,0.998814881,,,,,,
2065,1.015836239,,,,,,
2066,0.966135859,,,,,,
2067,0.950567305,,,,,,
2068,0.918388546,,,,,,
2069,0.954020262,,,,,,
2070,0.974741518,,,,,,
2071,1.083732247,,,,,,
2072,0.91922003,,,,,,
2073,0.947690487,,,,,,
2074,0.975173831,,,,,,
2075,0.984995127,,,,,,
2076,0.94519031,,,,,,
2077,1.036683083,,,,,,
2078,0.972701013,,,,,,
2079,1.002476811,,,,,,
2080,0.905958354,,,,,,
2081,0.956678927,,,,,,
2082,1.044323802,,,,,,
2083,1.047605157,,,,,,
2084,1.009008765,,,,,,
2085,0.99223417,,,,,,
2086,0.940614402,,,,,,
2087,0.922937214,,,,,,
2088,0.884934783,,,,,,
2089,0.89124769,,,,,,
2090,0.89303267,,,,,,
2091,0.995330155,,,,,,
2092,0.964918673,,,,,,
2093,1.007316351,,,,,,
2094,0.936576545,,,,,,
2095,0.979988694,,,,,,
2096,0.96072787,,,,,,
2097,0.947649419,,,,,,
2098,0.987538218,,,,,,
2099,0.933705628,,,,,,
2100,1.014983773,,,,,,
2101,0.944244087,,,,,,
2102,0.932070076,,,,,,
2103,0.962456524,,,,,,
2104,1.003693819,,,,,,
2105,0.980536699,,,,,,
2106,0.953249574,,,,,,
2107,0.973679721,,,,,,
2108,0.834290981,,,,,,
2109,0.951175988,,,,,,
2110,0.985987663,,,,,,
2111,0.922394812,,,,,,
2112,0.946272016,,,,,,
2113,1.014230847,,,,,,
2114,0.9387514,,,,,,
2115,0.935784757,,,,,,
2116,0.973730624,,,,,,
2117,0.942903817,,,,,,
2118,0.951096833,,,,,,
2119,1.027556658,,,,,,
2120,1.007624149,,,,,,
2121,1.001817465,,,,,,
2122,0.838424385,,,,,,
2123,0.929600179,,,,,,
2124,0.865494013,,,,,,
2125,0.87267977,,,,,,
2126,1.023761988,,,,,,
2127,0.958558798,,,,,,
2128,0.935475886,,,,,,
2129,0.893934309,,,,,,
2130,0.889673769,,,,,,
2131,1.014779806,,,,,,
2132,0.968417048,,,,,,
2133,0.962688148,,,,,,
2134,0.958279729,,,,,,
2135,0.983072042,,,,,,
2136,0.875968814,,,,,,
2137,0.989043057,,,,,,
2138,0.849245846,,,,,,
2139,0.891123772,,,,,,
2140,0.868007481,,,,,,
2141,1.021944523,,,,,,
2142,0.934624374,,,,,,
2143,0.965843678,,,,,,
2144,0.987205684,,,,,,
2145,0.963389039,,,,,,
2146,0.922983348,,,,,,
2147,0.903337479,,,,,,
2148,0.932757199,,,,,,
2149,0.969228327,,,,,,
2150,0.966758013,,,,,,
2151,0.990168512,,,,,,
2152,0.940476418,,,,,,
2153,1.028310657,,,,,,
2154,0.978876293,,,,,,
2155,0.947988093,,,,,,
2156,0.928306341,,,,,,
2157,1.022325397,,,,,,
2158,0.882957816,,,,,,
2159,0.981572926,,,,,,
2160,0.908892214,,,,,,
2161,0.923313081,,,,,,
2162,0.923460603,,,,,,
2163,0.955498993,,,,,,
2164,0.924009264,,,,,,
2165,0.967337132,,,,,,
2166,0.99953258,,,,,,
2167,0.9763574,,,,,,
2168,0.934664369,,,,,,
2169,0.989164412,,,,,,
2170,0.970079243,,,,,,
2171,0.903567433,,,,,,
2172,0.992616355,,,,,,
2173,0.965049326,,,,,,
2174,0.988518298,,,,,,
2175,0.917954683,,,,,,
2176,0.962073445,,,,,,
2177,0.95401293,,,,,,
2178,0.90484184,,,,,,
2179,0.968408644,,,,,,
2180,0.975766957,,,,,,
2181,0.989703596,,,,,,
2182,0.955763519,,,,,,
2183,0.961057425,,,,,,
2184,0.976817548,,,,,,
2185,1.006089687,,,,,,
2186,0.96986568,,,,,,
2187,1.026078463,,,,,,
2188,0.94934094,,,,,,
2189,0.981389582,,,,,,
2190,1.005950451,,,,,,
2191,1.029438496,,,,,,
2192,0.893245697,,,,,,
2193,0.94944495,,,,,,
2194,0.970401525,,,,,,
2195,0.830109,,,,,,
2196,0.991125405,,,,,,
2197,1.013222694,,,,,,
2198,1.005897045,,,,,,
2199,0.889315963,,,,,,
2200,0.99782902,,,,,,
2201,0.908758223,,,,,,
2202,0.914131343,,,,,,
2203,0.890796006,,,,,,
2204,0.989287138,,,,,,
2205,0.903326273,,,,,,
2206,0.928566933,,,,,,
2207,0.95658946,,,,,,
2208,0.973256588,,,,,,
2209,0.931553066,,,,,,
2210,0.973795891,,,,,,
2211,0.868137538,,,,,,
2212,1.013753772,,,,,,
2213,0.873041987,,,,,,
2214,0.929727256,,,,,,
2215,0.904580712,,,,,,
2216,0.95689261,,,,,,
2217,0.91892755,,,,,,
2218,1.006088972,,,,,,
2219,0.987823248,,,,,,
2220,0.989124537,,,,,,
2221,0.950029135,,,,,,
2222,0.950843453,,,,,,
2223,0.910414636,,,,,,
2224,0.922498405,,,,,,
2225,0.986078382,,,,,,
2226,0.982855618,,,,,,
2227,0.936521113,,,,,,
2228,0.992930293,,,,,,
2229,0.974941254,,,,,,
2230,0.941212118,,,,,,
2231,0.903396189,,,,,,
2232,0.943686426,,,,,,
2233,0.978254378,,,,,,
2234,0.969479442,,,,,,
2235,1.016056776,,,,,,
2236,0.991089404,,,,,,
2237,0.974410236,,,,,,
2238,0.959822893,,,,,,
2239,0.991333783,,,,,,
2240,0.972965419,,,,,,
2241,0.960763514,,,,,,
2242,0.933627069,,,,,,
2243,0.966570556,,,,,,
2244,0.999137342,,,,,,
2245,0.949520886,,,,,,
2246,0.920545459,,,,,,
2247,0.965452611,,,,,,
2248,0.967808008,,,,,,
2249,0.969554007,,,,,,
2250,0.934882343,,,,,,
2251,0.879435658,,,,,,
2252,0.962002814,,,,,,
2253,0.919219077,,,,,,
2254,0.995067537,,,,,,
2255,1.019289851,,,,,,
2256,0.950636387,,,,,,
2257,0.906564176,,,,,,
2258,0.99437207,,,,,,
2259,0.937905192,,,,,,
2260,0.973276258,,,,,,
2261,0.898811698,,,,,,
2262,0.963315129,,,,,,
2263,0.983270764,,,,,,
2264,0.990119517,,,,,,
2265,0.962360501,,,,,,
2266,0.979040384,,,,,,
2267,0.952421188,,,,,,
2268,0.919351518,,,,,,
2269,1.058721304,,,,,,
2270,0.884990513,,,,,,
2271,0.917108655,,,,,,
2272,0.936831713,,,,,,
2273,0.996188819,,,,,,
2274,0.934391201,,,,,,
2275,0.937784612,,,,,,
2276,1.02933085,,,,,,
2277,0.999890149,,,,,,
2278,1.035382271,,,,,,
2279,0.928475976,,,,,,
2280,0.893143892,,,,,,
2281,0.975653887,,,,,,
2282,0.941209555,,,,,,
2283,1.002791524,,,,,,
2284,0.931164265,,,,,,
2285,0.947522283,,,,,,
2286,0.95258224,,,,,,
2287,0.961029291,,,,,,
2288,0.885981023,,,,,,
2289,1.018955588,,,,,,
2290,0.928140283,,,,,,
2291,0.987197042,,,,,,
2292,0.94933188,,,,,,
2293,1.020078659,,,,,,
2294,0.971510768,,,,,,
2295,0.952232242,,,,,,
2296,0.978575349,,,,,,
2297,0.924120545,,,,,,
2298,0.921054602,,,,,,
2299,0.924046516,,,,,,
2300,0.902643859,,,,,,
2301,1.035601854,,,,,,
2302,0.856682062,,,,,,
2303,0.877079904,,,,,,
2304,0.996520936,,,,,,
2305,0.908102095,,,,,,
2306,0.923108041,,,,,,
2307,0.974226058,,,,,,
2308,0.988285899,,,,,,
2309,1.012170553,,,,,,
2310,0.935732484,,,,,,
2311,0.928223789,,,,,,
2312,0.910843015,,,,,,
2313,0.941780806,,,,,,
2314,0.916394174,,,,,,
2315,0.890590668,,,,,,
2316,0.885718524,,,,,,
2317,1.004576683,,,,,,
2318,0.989480615,,,,,,
2319,1.014676571,,,,,,
2320,0.934482753,,,,,,
2321,0.937392592,,,,,,
2322,1.003515124,,,,,,
2323,0.926339269,,,,,,
2324,0.959385455,,,,,,
2325,0.998419344,,,,,,
2326,1.022994399,,,,,,
2327,0.930303156,,,,,,
2328,0.993025959,,,,,,
2329,0.91327244,,,,,,
2330,0.986472666,,,,,,
2331,0.888831913,,,,,,
2332,1.007888436,,,,,,
2333,0.917279243,,,,,,
2334,0.916701615,,,,,,
2335,0.928113878,,,,,,
2336,0.902060807,,,,,,
2337,0.931107879,,,,,,
2338,0.967788577,,,,,,
2339,1.03471005,,,,,,
2340,0.903718472,,,,,,
2341,0.93974185,,,,,,
2342,0.903293729,,,,,,
2343,0.942651987,,,,,,
2344,0.947758853,,,,,,
2345,0.927467763,,,,,,
2346,0.926583052,,,,,,
2347,0.901279449,,,,,,
2348,0.986292601,,,,,,
2349,0.937282324,,,,,,
2350,0.952128351,,,,,,
2351,0.935992956,,,,,,
2352,0.921718538,,,,,,
2353,0.948316097,,,,,,
2354,1.01826334,,,,,,
2355,0.895633638,,,,,,
2356,0.924058795,,,,,,
2357,0.990857422,,,,,,
2358,0.949574769,,,,,,
2359,0.948510945,,,,,,
2360,0.994853735,,,,,,
2361,0.999884069,,,,,,
2362,0.89434129,,,,,,
2363,0.969972432,,,,,,
2364,0.966778696,,,,,,
2365,0.980787277,,,,,,
2366,0.953797579,,,,,,
2367,1.036081195,,,,,,
2368,0.945913255,,,,,,
2369,1.008971334,,,,,,
2370,0.873085797,,,,,,
2371,0.975317657,,,,,,
2372,0.944398463,,,,,,
2373,0.916296661,,,,,,
2374,0.979893804,,,,,,
2375,0.929700375,,,,,,
2376,0.927809656,,,,,,
2377,0.988523662,,,,,,
2378,0.890459299,,,,,,
2379,0.961511493,,,,,,
2380,0.962976217,,,,,,
2381,0.909928203,,,,,,
2382,0.899315953,,,,,,
2383,0.922702134,,,,,,
2384,0.993652046,,,,,,
2385,0.975860238,,,,,,
2386,0.972568214,,,,,,
2387,0.964739978,,,,,,
2388,0.983462393,,,,,,
2389,0.958129704,,,,,,
2390,0.923077226,,,,,,
2391,0.984581411,,,,,,
2392,0.858868539,,,,,,
2393,0.891985416,,,,,,
2394,0.947178602,,,,,,
2395,0.977155924,,,,,,
2396,0.923691809,,,,,,
2397,0.904382169,,,,,,
2398,1.028653383,,,,,,
2399,1.021391153,,,,,,
2400,0.969346344,,,,,,
2401,0.96699667,,,,,,
2402,0.932436526,,,,,,
2403,0.997567058,,,,,,
2404,0.958136082,,,,,,
2405,0.979465842,,,,,,
2406,0.922376454,,,,,,
2407,0.915942132,,,,,,
2408,0.971634805,,,,,,
2409,0.974431038,,,,,,
2410,0.916639924,,,,,,
2411,0.916234255,,,,,,
2412,0.9009161,,,,,,
2413,1.02441597,,,,,,
2414,0.99410665,,,,,,
2415,0.959267795,,,,,,
2416,0.975759566,,,,,,
2417,0.993980348,,,,,,
2418,0.939311385,,,,,,
2419,0.852584958,,,,,,
2420,1.016283631,,,,,,
2421,0.892153263,,,,,,
2422,0.972515404,,,,,,
2423,0.950050473,,,,,,
2424,0.97616595,,,,,,
2425,0.966427505,,,,,,
2426,0.947933853,,,,,,
2427,0.933068991,,,,,,
2428,1.003019333,,,,,,
2429,0.964559376,,,,,,
2430,0.998885095,,,,,,
2431,1.001647115,,,,,,
2432,0.995185256,,,,,,
2433,0.949336171,,,,,,
2434,0.965588748,,,,,,
2435,0.922353148,,,,,,
2436,0.985372424,,,,,,
2437,1.00378871,,,,,,
2438,0.919518471,,,,,,
2439,0.942498207,,,,,,
2440,0.966575801,,,,,,
2441,0.899069905,,,,,,
2442,0.995781362,,,,,,
2443,0.90181762,,,,,,
2444,0.992171466,,,,,,
2445,0.964256823,,,,,,
2446,0.969435573,,,,,,
2447,0.887436569,,,,,,
2448,0.958313525,,,,,,
2449,0.879590929,,,,,,
2450,0.97403878,,,,,,
2451,0.939773977,,,,,,
2452,0.92134583,,,,,,
2453,0.930304527,,,,,,
2454,0.965658784,,,,,,
2455,0.907478869,,,,,,
2456,0.889718056,,,,,,
2457,0.876518488,,,,,,
2458,1.027432919,,,,,,
2459,0.949047327,,,,,,
2460,0.933006704,,,,,,
2461,0.940528572,,,,,,
2462,0.972629905,,,,,,
2463,0.940274775,,,,,,
2464,1.03820169,,,,,,
2465,0.913412452,,,,,,
2466,1.034739971,,,,,,
2467,0.985470593,,,,,,
2468,0.939338267,,,,,,
2469,0.975698352,,,,,,
2470,0.966236591,,,,,,
2471,0.991771877,,,,,,
2472,0.960142016,,,,,,
2473,1.033524871,,,,,,
2474,0.961674809,,,,,,
2475,0.908652604,,,,,,
2476,0.98619473,,,,,,
2477,1.022465825,,,,,,
2478,0.961173534,,,,,,
2479,1.011815667,,,,,,
2480,0.954879224,,,,,,
2481,0.948495388,,,,,,
2482,0.988309741,,,,,,
2483,0.974673629,,,,,,
2484,0.991945863,,,,,,
2485,0.940829456,,,,,,
2486,1.06232512,,,,,,
2487,0.915497482,,,,,,
2488,0.970322311,,,,,,
2489,0.976500332,,,,,,
2490,0.985298157,,,,,,
2491,0.926126957,,,,,,
2492,1.009024739,,,,,,
2493,1.019968748,,,,,,
2494,1.08279562,,,,,,
2495,1.012646556,,,,,,
2496,0.913560033,,,,,,
2497,0.980561495,,,,,,
2498,1.01284647,,,,,,
2499,0.952885151,,,,,,
2500,0.989893794,,,,,,
2501,0.98480773,,,,,,
2502,1.018916488,,,,,,
2503,0.879581273,,,,,,
2504,0.996343672,,,,,,
2505,0.900738299,,,,,,
2506,0.968160629,,,,,,
2507,0.960976362,,,,,,
2508,0.894140363,,,,,,
2509,0.94862324,,,,,,
2510,0.992061734,,,,,,
2511,0.926283002,,,,,,
2512,0.956302166,,,,,,
2513,0.903088689,,,,,,
2514,0.954081774,,,,,,
2515,1.008771896,,,,,,
2516,0.957759559,,,,,,
2517,0.87702322,,,,,,
2518,0.972328186,,,,,,
2519,0.967681885,,,,,,
2520,0.920028329,,,,,,
2521,0.981401443,,,,,,
2522,0.932557344,,,,,,
2523,0.970898271,,,,,,
2524,1.054354548,,,,,,
2525,0.92152071,,,,,,
2526,0.916088104,,,,,,
2527,0.962916076,,,,,,
2528,0.949947596,,,,,,
2529,0.977254808,,,,,,
2530,0.984565556,,,,,,
2531,0.985544562,,,,,,
2532,0.986579597,,,,,,
2533,0.927369833,,,,,,
2534,1.010231972,,,,,,
2535,1.028388977,,,,,,
2536,0.957572401,,,,,,
2537,0.939699411,,,,,,
2538,0.95317471,,,,,,
2539,1.032453537,,,,,,
2540,0.84731853,,,,,,
2541,0.944871664,,,,,,
2542,0.93164587,,,,,,
2543,1.022325039,,,,,,
2544,0.913300216,,,,,,
2545,0.993839025,,,,,,
2546,0.93178308,,,,,,
2547,0.940384805,,,,,,
2548,0.976746738,,,,,,
2549,1.050162792,,,,,,
2550,0.95859313,,,,,,
2551,1.002511501,,,,,,
2552,0.987850249,,,,,,
2553,0.98946619,,,,,,
2554,0.958631814,,,,,,
2555,0.948770225,,,,,,
2556,0.919136822,,,,,,
2557,0.988005579,,,,,,
2558,0.881586552,,,,,,
2559,0.901690125,,,,,,
2560,1.002501965,,,,,,
2561,0.985838652,,,,,,
2562,1.018218994,,,,,,
2563,0.941108227,,,,,,
2564,0.929953992,,,,,,
2565,1.035134673,,,,,,
2566,0.861957669,,,,,,
2567,0.925382733,,,,,,
2568,0.986678779,,,,,,
2569,0.955591381,,,,,,
2570,1.111148715,,,,,,
2571,0.926886499,,,,,,
2572,0.969269514,,,,,,
2573,0.937156558,,,,,,
2574,0.976134002,,,,,,
2575,0.946478009,,,,,,
2576,0.957086504,,,,,,
2577,0.891334593,,,,,,
2578,0.942285657,,,,,,
2579,0.935491681,,,,,,
2580,0.986127436,,,,,,
2581,0.910914421,,,,,,
2582,0.969465077,,,,,,
2583,0.849144042,,,,,,
2584,0.969326973,,,,,,
2585,0.897678971,,,,,,
2586,0.97353363,,,,,,
2587,0.966688633,,,,,,
2588,0.944227815,,,,,,
2589,1.02143085,,,,,,
2590,0.988822281,,,,,,
2591,0.916116714,,,,,,
2592,0.967696607,,,,,,
2593,0.932086527,,,,,,
2594,0.926702499,,,,,,
2595,1.110287189,,,,,,
2596,0.938548863,,,,,,
2597,0.949800134,,,,,,
2598,0.98869276,,,,,,
2599,0.909297407,,,,,,
2600,0.941155553,,,,,,
2601,0.933885276,,,,,,
2602,0.971267223,,,,,,
2603,0.997728467,,,,,,
2604,0.96012193,,,,,,
2605,1.000549674,,,,,,
2606,0.96801132,,,,,,
2607,0.927843928,,,,,,
2608,0.934062302,,,,,,
2609,0.932038009,,,,,,
2610,0.915720284,,,,,,
2611,0.948197663,,,,,,
2612,0.92458272,,,,,,
2613,0.82389462,,,,,,
2614,1.002470255,,,,,,
2615,0.966234744,,,,,,
2616,0.943209171,,,,,,
2617,0.883231938,,,,,,
2618,0.892594218,,,,,,
2619,0.932124555,,,,,,
2620,0.91411829,,,,,,
2621,0.916872978,,,,,,
2622,0.918068171,,,,,,
2623,0.999759257,,,,,,
2624,0.932938874,,,,,,
2625,1.009828925,,,,,,
2626,1.032505989,,,,,,
2627,0.958049774,,,,,,
2628,0.991159976,,,,,,
2629,0.930383086,,,,,,
2630,0.957319021,,,,,,
2631,0.96191597,,,,,,
2632,0.962679684,,,,,,
2633,0.870210469,,,,,,
2634,1.011321306,,,,,,
2635,0.883888483,,,,,,
2636,0.942194164,,,,,,
2637,0.912736356,,,,,,
2638,0.936735511,,,,,,
2639,0.954350114,,,,,,
2640,0.926362514,,,,,,
2641,0.863769233,,,,,,
2642,0.954214513,,,,,,
2643,1.00429821,,,,,,
2644,0.903714776,,,,,,
2645,1.004114151,,,,,,
2646,0.967844546,,,,,,
2647,0.975684285,,,,,,
2648,0.980758727,,,,,,
2649,1.004619718,,,,,,
2650,0.932804048,,,,,,
2651,0.949955165,,,,,,
2652,0.94761771,,,,,,
2653,0.950729966,,,,,,
2654,0.879080355,,,,,,
2655,0.951177895,,,,,,
2656,0.968812168,,,,,,
2657,0.976120949,,,,,,
2658,1.047828197,,,,,,
2659,1.00236094,,,,,,
2660,0.925519466,,,,,,
2661,0.972945511,,,,,,
2662,0.935825586,,,,,,
2663,1.006469607,,,,,,
2664,0.919878662,,,,,,
2665,0.934837282,,,,,,
2666,0.932445049,,,,,,
2667,1.019506574,,,,,,
2668,0.885336161,,,,,,
2669,0.971368015,,,,,,
2670,0.943228066,,,,,,
2671,0.997260273,,,,,,
2672,1.035505176,,,,,,
2673,1.029150248,,,,,,
2674,0.991102338,,,,,,
2675,1.008319974,,,,,,
2676,0.928592563,,,,,,
2677,0.889529765,,,,,,
2678,0.847013175,,,,,,
2679,0.931811988,,,,,,
2680,0.979426563,,,,,,
2681,0.93498683,,,,,,
2682,0.864127874,,,,,,
2683,0.9018085,,,,,,
2684,0.952404201,,,,,,
2685,0.991188169,,,,,,
2686,0.989623666,,,,,,
2687,0.949864149,,,,,,
2688,0.915929079,,,,,,
2689,0.969077945,,,,,,
2690,0.983994305,,,,,,
2691,0.989338458,,,,,,
2692,0.998753786,,,,,,
2693,0.914163172,,,,,,
2694,1.048436046,,,,,,
2695,0.937613606,,,,,,
2696,1.006731272,,,,,,
2697,0.932769597,,,,,,
2698,0.881791592,,,,,,
2699,0.981618166,,,,,,
2700,0.996084094,,,,,,
2701,0.911465585,,,,,,
2702,0.902655721,,,,,,
2703,0.867733419,,,,,,
2704,1.041365385,,,,,,
2705,1.057810664,,,,,,
2706,0.888747394,,,,,,
2707,0.971002102,,,,,,
2708,1.042792916,,,,,,
2709,0.952427387,,,,,,
2710,0.847790599,,,,,,
2711,0.991603851,,,,,,
2712,0.910713017,,,,,,
2713,0.993098199,,,,,,
2714,1.046079874,,,,,,
2715,0.994540453,,,,,,
2716,0.957213461,,,,,,
2717,0.95345968,,,,,,
2718,1.005684614,,,,,,
2719,0.953039646,,,,,,
2720,0.962503493,,,,,,
2721,0.928165674,,,,,,
2722,0.969500661,,,,,,
2723,0.920307994,,,,,,
2724,1.008364439,,,,,,
2725,0.986422181,,,,,,
2726,0.96679157,,,,,,
2727,1.007636666,,,,,,
2728,0.946393907,,,,,,
2729,0.94677186,,,,,,
2730,1.046383023,,,,,,
2731,0.95163703,,,,,,
2732,0.881142855,,,,,,
2733,0.903833568,,,,,,
2734,0.934507132,,,,,,
2735,0.99682188,,,,,,
2736,1.011214614,,,,,,
2737,0.99652493,,,,,,
2738,0.968475878,,,,,,
2739,0.957760036,,,,,,
2740,0.871393561,,,,,,
2741,0.961048841,,,,,,
2742,0.978895068,,,,,,
2743,0.912981451,,,,,,
2744,0.926616788,,,,,,
2745,0.85567081,,,,,,
2746,1.108454347,,,,,,
2747,1.049649835,,,,,,
2748,0.998529792,,,,,,
2749,0.856511235,,,,,,
2750,0.966717541,,,,,,
2751,0.946163893,,,,,,
2752,0.943242788,,,,,,
2753,0.941328764,,,,,,
2754,0.89938587,,,,,,
2755,0.991456568,,,,,,
2756,0.829966009,,,,,,
2757,1.000864029,,,,,,
2758,0.987316608,,,,,,
2759,0.919581711,,,,,,
2760,1.020169616,,,,,,
2761,0.950159967,,,,,,
2762,0.944037616,,,,,,
2763,0.90438056,,,,,,
2764,1.028604031,,,,,,
2765,0.999819994,,,,,,
2766,0.939683974,,,,,,
2767,0.939385414,,,,,,
2768,0.909619153,,,,,,
2769,1.05130136,,,,,,
2770,0.879923344,,,,,,
2771,0.954472899,,,,,,
2772,0.951872408,,,,,,
2773,0.921075642,,,,,,
2774,1.007479668,,,,,,
2775,0.935402036,,,,,,
2776,0.920424223,,,,,,
2777,1.049441934,,,,,,
2778,0.988991201,,,,,,
2779,0.97487247,,,,,,
2780,0.978479266,,,,,,
2781,0.906473458,,,,,,
2782,0.946495235,,,,,,
2783,0.962923229,,,,,,
2784,0.900461257,,,,,,
2785,1.008134723,,,,,,
2786,0.939941704,,,,,,
2787,0.975172162,,,,,,
2788,1.011131048,,,,,,
2789,0.963967502,,,,,,
2790,1.017962813,,,,,,
2791,0.95423615,,,,,,
2792,0.961560369,,,,,,
2793,0.960479021,,,,,,
2794,0.950778663,,,,,,
2795,0.844845533,,,,,,
2796,0.932308555,,,,,,
2797,1.005548,,,,,,
2798,0.980130911,,,,,,
2799,0.978572071,,,,,,
2800,0.987213194,,,,,,
2801,1.015928626,,,,,,
2802,0.887823462,,,,,,
2803,1.038523674,,,,,,
2804,0.963386297,,,,,,
2805,0.960795701,,,,,,
2806,0.897516727,,,,,,
2807,0.941170216,,,,,,
2808,1.020915866,,,,,,
2809,0.96349138,,,,,,
2810,0.99316299,,,,,,
2811,0.976789176,,,,,,
2812,0.794182599,,,,,,
2813,0.950206757,,,,,,
2814,0.899821818,,,,,,
2815,0.991104305,,,,,,
2816,0.948180318,,,,,,
2817,0.91392684,,,,,,
2818,0.995217741,,,,,,
2819,1.001864672,,,,,,
2820,0.895770431,,,,,,
2821,0.9302001,,,,,,
2822,0.973590314,,,,,,
2823,0.956165075,,,,,,
2824,0.916924477,,,,,,
2825,0.945439935,,,,,,
2826,0.99059397,,,,,,
2827,0.947897494,,,,,,
2828,1.004958868,,,,,,
2829,0.92820549,,,,,,
2830,0.967526436,,,,,,
2831,0.952524602,,,,,,
2832,1.034036994,,,,,,
2833,0.922415376,,,,,,
2834,0.949091434,,,,,,
2835,0.989113748,,,,,,
2836,0.980666399,,,,,,
2837,0.918208659,,,,,,
2838,1.042809248,,,,,,
2839,1.048599958,,,,,,
2840,0.88867712,,,,,,
2841,0.955459833,,,,,,
2842,0.971232593,,,,,,
2843,0.933030307,,,,,,
2844,0.927077532,,,,,,
2845,0.933476686,,,,,,
2846,0.981155932,,,,,,
2847,0.904776216,,,,,,
2848,1.019640565,,,,,,
2849,0.920215368,,,,,,
2850,0.969905436,,,,,,
2851,0.941449761,,,,,,
2852,0.978883922,,,,,,
2853,0.940806866,,,,,,
2854,0.904400826,,,,,,
2855,0.898416996,,,,,,
2856,0.957411647,,,,,,
2857,0.979974627,,,,,,
2858,0.912977874,,,,,,
2859,0.914407134,,,,,,
2860,0.91665107,,,,,,
2861,1.006649733,,,,,,
2862,1.033126831,,,,,,
2863,0.962119222,,,,,,
2864,0.938153625,,,,,,
2865,0.962616146,,,,,,
2866,0.998583376,,,,,,
2867,0.931139112,,,,,,
2868,0.958856881,,,,,,
2869,0.894720435,,,,,,
2870,0.955418408,,,,,,
2871,0.971443892,,,,,,
2872,1.042459846,,,,,,
2873,0.946802914,,,,,,
2874,0.946525753,,,,,,
2875,0.984692276,,,,,,
2876,0.971355259,,,,,,
2877,0.949264586,,,,,,
2878,0.901170969,,,,,,
2879,0.892811418,,,,,,
2880,0.939176619,,,,,,
2881,0.941096961,,,,,,
2882,0.954078257,,,,,,
2883,1.028454781,,,,,,
2884,0.958648324,,,,,,
2885,0.940489531,,,,,,
2886,0.940396428,,,,,,
2887,0.975263953,,,,,,
2888,1.050950289,,,,,,
2889,0.98067379,,,,,,
2890,1.042357683,,,,,,
2891,0.941102684,,,,,,
2892,0.895584106,,,,,,
2893,0.964919209,,,,,,
2894,0.942405581,,,,,,
2895,1.006469846,,,,,,
2896,0.884625793,,,,,,
2897,0.930183709,,,,,,
2898,0.975701392,,,,,,
2899,0.967293561,,,,,,
2900,0.947051167,,,,,,
2901,0.964921534,,,,,,
2902,1.037580848,,,,,,
2903,0.954385102,,,,,,
2904,0.927878737,,,,,,
2905,0.944289982,,,,,,
2906,0.995929182,,,,,,
2907,1.045231581,,,,,,
2908,0.919843078,,,,,,
2909,0.996062875,,,,,,
2910,0.966513693,,,,,,
2911,0.992976785,,,,,,
2912,1.026445746,,,,,,
2913,1.018637538,,,,,,
2914,0.931959391,,,,,,
2915,1.027154088,,,,,,
2916,0.912399828,,,,,,
2917,0.910415709,,,,,,
2918,1.004555345,,,,,,
2919,0.984963119,,,,,,
2920,0.738715708,,,,,,
2921,0.916015923,,,,,,
2922,0.864850163,,,,,,
2923,0.975192249,,,,,,
2924,0.990042627,,,,,,
2925,0.980839252,,,,,,
2926,0.972782969,,,,,,
2927,0.965897083,,,,,,
2928,1.041868448,,,,,,
2929,1.018716097,,,,,,
2930,0.919552147,,,,,,
2931,0.899175942,,,,,,
2932,0.961224854,,,,,,
2933,0.923626959,,,,,,
2934,0.937363088,,,,,,
2935,1.017056584,,,,,,
2936,0.877790749,,,,,,
2937,1.049762845,,,,,,
2938,0.926532805,,,,,,
2939,0.94233346,,,,,,
2940,0.963691235,,,,,,
2941,0.828208148,,,,,,
2942,1.004509091,,,,,,
2943,1.011104465,,,,,,
2944,0.907324791,,,,,,
2945,0.952975154,,,,,,
2946,0.978571773,,,,,,
2947,0.957187772,,,,,,
2948,0.961276174,,,,,,
2949,1.013499022,,,,,,
2950,0.966147363,,,,,,
2951,0.975837648,,,,,,
2952,0.975639164,,,,,,
2953,0.916158736,,,,,,
2954,0.992580295,,,,,,
2955,0.903365135,,,,,,
2956,1.020076156,,,,,,
2957,0.990657568,,,,,,
2958,1.031217337,,,,,,
2959,0.947901845,,,,,,
2960,0.941414356,,,,,,
2961,0.883692324,,,,,,
2962,0.928650379,,,,,,
2963,0.992409706,,,,,,
2964,0.931346953,,,,,,
2965,1.048188448,,,,,,
2966,0.973816931,,,,,,
2967,0.922259629,,,,,,
2968,0.91709435,,,,,,
2969,0.965003312,,,,,,
2970,0.846457243,,,,,,
2971,0.983392775,,,,,,
2972,0.969300449,,,,,,
2973,1.015350699,,,,,,
2974,0.972574472,,,,,,
2975,1.006122589,,,,,,
2976,1.038521767,,,,,,
2977,1.055386543,,,,,,
2978,0.98976028,,,,,,
2979,0.959079027,,,,,,
2980,0.900933027,,,,,,
2981,1.023811579,,,,,,
2982,0.943046987,,,,,,
2983,0.899511755,,,,,,
2984,0.973161876,,,,,,
2985,0.947388589,,,,,,
2986,1.050830007,,,,,,
2987,1.003470421,,,,,,
2988,0.968235493,,,,,,
2989,0.870895207,,,,,,
2990,0.900250316,,,,,,
2991,1.004009724,,,,,,
2992,1.006676912,,,,,,
2993,0.973918319,,,,,,
2994,0.93386656,,,,,,
2995,0.94988364,,,,,,
2996,0.978507519,,,,,,
2997,0.938242555,,,,,,
2998,0.924442649,,,,,,
2999,1.023521781,,,,,,
